model,rating,n_ratings,ram_gb,storage_gb,b_camera_mp,f_camera_mp,battery_mah,price_inr
"POCO C50 (Royal Blue, 32 GB)",4.2,33561,2,32,8.0,5.0,5000,5649
"POCO M4 5G (Cool Blue, 64 GB)",4.2,77128,4,64,50.0,8.0,5000,11999
"POCO C51 (Royal Blue, 64 GB)",4.3,15175,4,64,8.0,5.0,5000,6999
"POCO C55 (Cool Blue, 64 GB)",4.2,22621,4,64,50.0,5.0,5000,7749
"POCO C51 (Power Black, 64 GB)",4.3,15175,4,64,8.0,5.0,5000,6999
"POCO M4 5G (Power Black, 64 GB)",4.2,77128,4,64,50.0,8.0,5000,11999
"POCO C55 (Power Black, 64 GB)",4.2,22621,4,64,50.0,5.0,5000,7749
"POCO C55 (Forest Green, 64 GB)",4.2,22621,4,64,50.0,5.0,5000,7749
"POCO C55 (Cool Blue, 128 GB)",4.1,13647,6,128,50.0,5.0,5000,9249
"POCO M4 5G (Yellow, 128 GB)",4.2,40525,6,128,50.0,8.0,5000,13999
"POCO C50 (Country Green, 32 GB)",4.2,33561,2,32,8.0,5.0,5000,5649
"POCO C55 (Power Black, 128 GB)",4.1,13647,6,128,50.0,5.0,5000,9249
"POCO M5 (Power Black, 64 GB)",4.2,7572,4,64,50.0,8.0,5000,8999
"POCO M5 (Icy Blue, 64 GB)",4.2,7572,4,64,50.0,8.0,5000,8999
"POCO M4 5G (Yellow, 64 GB)",4.2,77128,4,64,50.0,8.0,5000,11999
"POCO C55 (Forest Green, 128 GB)",4.1,13647,6,128,50.0,5.0,5000,9249
"POCO M4 5G (Power Black, 128 GB)",4.2,40525,6,128,50.0,8.0,5000,13999
"POCO C50 (Royal Blue, 32 GB)",4.1,11675,3,32,8.0,5.0,5000,6499
"POCO M5 (Yellow, 64 GB)",4.2,7572,4,64,50.0,8.0,5000,8999
"POCO M4 Pro (Yellow, 128 GB)",4.2,21133,8,128,64.0,16.0,5000,13999
"POCO C50 (Country Green, 32 GB)",4.1,11675,3,32,8.0,5.0,5000,6499
"POCO X5 5G (Jaguar Black, 128 GB)",4.1,7285,6,128,48.0,13.0,5000,15999
"POCO X5 5G (Wildcat Blue, 128 GB)",4.1,7285,6,128,48.0,13.0,5000,15999
"POCO M4 Pro 5G (Yellow, 128 GB)",4.2,21688,8,128,50.0,16.0,5000,15999
"POCO M5 (Power Black, 128 GB)",4.2,3525,6,128,50.0,8.0,5000,10999
"POCO M5 (Yellow, 128 GB)",4.2,3525,6,128,50.0,8.0,5000,10999
"POCO X5 5G (Supernova Green, 128 GB)",4.1,7285,6,128,48.0,13.0,5000,15999
"POCO M5 (Icy Blue, 128 GB)",4.2,3525,6,128,50.0,8.0,5000,10999
"POCO M4 Pro (Cool Blue, 128 GB)",4.2,21133,8,128,64.0,16.0,5000,13999
"POCO X5 Pro 5G (Horizon Blue, 256 GB)",4.3,7460,8,256,108.0,16.0,5000,23999
"POCO X5 5G (Jaguar Black, 256 GB)",4.1,2646,8,256,48.0,13.0,5000,17999
"POCO X5 Pro 5G (Astral Black, 256 GB)",4.3,7460,8,256,108.0,16.0,5000,23999
"POCO X5 5G (Wildcat Blue, 256 GB)",4.1,2646,8,256,48.0,13.0,5000,17999
"POCO M3 Pro 5G (Yellow, 128 GB)",4.2,54521,6,128,48.0,8.0,5000,14499
"POCO M4 5G (Cool Blue, 128 GB)",4.2,40239,6,128,50.0,8.0,5000,13999
"POCO X4 Pro 5G (Yellow, 128 GB)",4.2,85420,6,128,64.0,16.0,5000,17499
"POCO X5 Pro 5G (Yellow, 256 GB)",4.3,7460,8,256,108.0,16.0,5000,23999
"POCO X5 Pro 5G (Horizon Blue, 128 GB)",4.3,7885,6,128,108.0,16.0,5000,21999
"POCO X5 Pro 5G (Yellow, 128 GB)",4.3,7885,6,128,108.0,16.0,5000,21999
"POCO X5 Pro 5G (Astral Black, 128 GB)",4.3,7885,6,128,108.0,16.0,5000,21999
"POCO F5 5G (Snowstorm White, 256 GB)",4.2,2683,8,256,64.0,16.0,5000,29999
"POCO X4 Pro 5G (Yellow, 64 GB)",4.2,85420,6,64,64.0,16.0,5000,16499
"POCO X5 5G (Supernova Green, 256 GB)",4.1,2646,8,256,48.0,13.0,5000,17999
"POCO F5 5G (Carbon Black, 256 GB)",4.2,2683,8,256,64.0,16.0,5000,29999
"POCO F5 5G (Electric Blue, 256 GB)",4.2,2683,8,256,64.0,16.0,5000,29999
"POCO C31 (Shadow Gray, 64 GB)",4.3,222992,4,64,13.0,5.0,5000,8999
"POCO F5 5G (Snowstorm White, 256 GB)",4.2,460,12,256,64.0,16.0,5000,32999
"POCO X4 Pro 5G (Laser Blue, 128 GB)",4.2,21576,8,128,64.0,16.0,5000,19499
"POCO M4 Pro 5G (Yellow, 64 GB)",4.3,48896,4,64,50.0,16.0,5000,14999
"POCO F5 5G (Electric Blue, 256 GB)",4.2,460,12,256,64.0,16.0,5000,32999
"POCO C31 (Shadow Gray, 64 GB)",4.3,222992,4,64,13.0,5.0,5000,8999
"POCO F5 5G (Carbon Black, 256 GB)",4.2,460,12,256,64.0,16.0,5000,32999
"POCO C31 (Shadow Gray, 32 GB)",4.3,145794,3,32,13.0,5.0,5000,8499
"POCO X2 (Atlantis Blue, 64 GB)",4.5,271753,6,64,64.0,20.0,4500,17999
"POCO M4 Pro 5G (Yellow, 128 GB)",4.2,56081,6,128,50.0,16.0,5000,16999
"POCO C31 (Royal Blue, 64 GB)",4.3,222992,4,64,13.0,5.0,5000,8999
"POCO X4 Pro 5G (Yellow, 128 GB)",4.2,21576,8,128,64.0,16.0,5000,19499
"POCO C31 (Royal Blue, 32 GB)",4.3,145794,3,32,13.0,5.0,5000,8499
"POCO M4 Pro (Yellow, 128 GB)",4.3,173304,6,128,64.0,16.0,5000,16499
"POCO X2 (Phoenix Red, 256 GB)",4.5,60968,8,256,64.0,20.0,4500,20999
"POCO X2 (Matrix Purple, 256 GB)",4.5,60968,8,256,64.0,20.0,4500,20999
"POCO F1 (Steel Blue, 64 GB)",4.5,244650,6,64,12.0,20.0,4000,13689
"POCO F4 5G (Night Black, 128 GB)",4.3,5304,8,128,64.0,20.0,4500,27999
"POCO F1 (Graphite Black, 128 GB)",4.5,244650,6,128,12.0,20.0,4000,24999
"POCO M4 Pro (Yellow, 64 GB)",4.3,173304,6,64,64.0,16.0,5000,14999
"POCO C3 (Matte Black, 32 GB)",4.3,400433,3,32,13.0,5.0,5000,9999
"POCO X4 Pro 5G (Laser Blue, 64 GB)",4.2,85420,6,64,64.0,16.0,5000,16499
"POCO M2 Reloaded (Mostly Blue, 64 GB)",4.3,67498,4,64,13.0,8.0,5000,11990
"POCO M2 Pro (Green and Greener, 64 GB)",4.4,352150,6,64,48.0,16.0,5000,17999
"POCO M2 Pro (Out of the Blue, 128 GB)",4.4,352150,6,128,48.0,16.0,5000,19999
"POCO C3 (Arctic Blue, 32 GB)",4.3,400433,3,32,13.0,5.0,5000,9999
"POCO X2 (Phoenix Red, 64 GB)",4.5,271753,6,64,64.0,20.0,4500,15490
"POCO X4 Pro 5G (Laser Black, 128 GB)",4.2,85420,6,128,64.0,16.0,5000,17499
"POCO F4 5G (Night Black, 256 GB)",4.3,3312,12,256,64.0,20.0,4500,39999
"POCO X3 Pro (Graphite Black, 128 GB)",4.3,137003,6,128,48.0,20.0,5160,23999
"POCO F4 5G (Night Black, 128 GB)",4.3,12889,6,128,64.0,20.0,4500,27999
"POCO X4 Pro 5G (Laser Blue, 128 GB)",4.2,85420,6,128,64.0,16.0,5000,17499
"POCO M2 Pro (Out of the Blue, 64 GB)",4.3,249602,4,64,48.0,16.0,5000,16999
"POCO F1 (Rosso Red, 64 GB)",4.5,244650,6,64,12.0,20.0,4000,21999
"POCO M2 Pro (Two Shades of Black, 64 GB)",4.4,352150,6,64,48.0,16.0,5000,17999
"POCO M2 Pro (Two Shades of Black, 128 GB)",4.4,352150,6,128,48.0,16.0,5000,19999
"POCO X2 (Atlantis Blue, 256 GB)",4.5,60968,8,256,64.0,20.0,4500,20999
"POCO M2 Pro (Green and Greener, 64 GB)",4.3,249602,4,64,48.0,16.0,5000,16999
"POCO F4 5G (Nebula Green, 128 GB)",4.3,12889,6,128,64.0,20.0,4500,27999
"POCO M3 (Cool Blue, 128 GB)",4.3,484582,6,128,48.0,8.0,6000,14999
"POCO X3 Pro (Steel Blue, 128 GB)",4.3,137003,6,128,48.0,20.0,5160,23999
"POCO M3 Pro 5G (Yellow, 64 GB)",4.3,64087,4,64,48.0,8.0,5000,15999
"POCO C3 (Lime Green, 32 GB)",4.3,400433,3,32,13.0,5.0,5000,9999
"POCO X3 (Cobalt Blue, 64 GB)",4.3,256360,6,64,64.0,20.0,6000,19999
"POCO X2 (Matrix Purple, 64 GB)",4.5,271753,6,64,64.0,20.0,4500,17999
"POCO F3 GT 5G (Gunmetal Silver, 128 GB)",4.3,4739,6,128,64.0,16.0,5065,32999
"POCO X2 (Atlantis Blue, 128 GB)",4.5,271753,6,128,64.0,20.0,4500,18999
"POCO F1 (Graphite Black, 64 GB)",4.5,244650,6,64,12.0,20.0,4000,21999
"POCO M3 (Cool Blue, 64 GB)",4.3,125650,4,64,48.0,8.0,6000,11999
"POCO M3 (Yellow, 64 GB)",4.3,125650,4,64,48.0,8.0,6000,11999
"POCO M2 (Slate Blue, 64 GB)",4.4,409478,6,64,13.0,8.0,5000,12999
"POCO M3 (Yellow, 64 GB)",4.3,125650,4,64,48.0,8.0,6000,11999
"POCO M2 (Slate Blue, 64 GB)",4.4,409478,6,64,13.0,8.0,5000,12999
"POCO M2 Reloaded (Greyish Black, 64 GB)",4.3,67498,4,64,13.0,8.0,5000,11999
"POCO X3 Pro (Golden Bronze, 128 GB)",4.3,137003,6,128,48.0,20.0,5160,23999
"POCO M3 (Cool Blue, 64 GB)",4.3,125650,4,64,48.0,8.0,6000,10999
"POCO X4 Pro 5G (Laser Black, 64 GB)",4.2,85420,6,64,64.0,16.0,5000,16499
"POCO M3 (Cool Blue, 64 GB)",4.3,484582,6,64,48.0,8.0,6000,12990
"POCO M2 Pro (Green and Greener, 128 GB)",4.4,352150,6,128,48.0,16.0,5000,19999
"POCO M2 Pro (Out of the Blue, 64 GB)",4.4,352150,6,64,48.0,16.0,5000,17999
"POCO M3 (Power Black, 64 GB)",4.3,484582,6,64,48.0,8.0,6000,12999
"POCO X2 (Matrix Purple, 128 GB)",4.5,271753,6,128,64.0,20.0,4500,18999
"POCO F3 GT 5G (Predator Black, 128 GB)",4.3,4739,6,128,64.0,16.0,5065,32999
"POCO X3 Pro (Golden Bronze, 128 GB)",4.3,56643,8,128,48.0,20.0,5160,25999
"POCO M3 (Yellow, 64 GB)",4.3,484582,6,64,48.0,8.0,6000,12999
"POCO M2 (Pitch Black, 64 GB)",4.4,409478,6,64,13.0,8.0,5000,12999
"POCO M2 (Slate Blue, 128 GB)",4.4,409478,6,128,13.0,8.0,5000,14999
"POCO F4 5G (Nebula Green, 128 GB)",4.3,5304,8,128,64.0,20.0,4500,27999
"POCO X3 (Shadow Gray, 64 GB)",4.3,256360,6,64,64.0,20.0,6000,19999
"POCO F4 5G (Nebula Green, 256 GB)",4.3,3312,12,256,64.0,20.0,4500,39999
"POCO X3 (Shadow Gray, 128 GB)",4.3,256360,6,128,64.0,20.0,6000,20999
"POCO M3 Pro 5G (Power Black, 128 GB)",4.2,54521,6,128,48.0,8.0,5000,17999
"POCO F3 GT 5G (Predator Black, 256 GB)",4.3,15055,8,256,64.0,16.0,5065,36999
"POCO X3 (Cobalt Blue, 128 GB)",4.3,256360,6,128,64.0,20.0,6000,20999
"POCO F3 GT 5G (Gunmetal Silver, 256 GB)",4.3,15055,8,256,64.0,16.0,5065,36999
"realme C55 (Rainforest, 128 GB)",4.4,12742,8,128,64.0,8.0,5000,13999
"realme C55 (Rainforest, 64 GB)",4.3,9101,6,64,64.0,8.0,5000,11999
"realme C55 (Sunshower, 128 GB)",4.4,12742,8,128,64.0,8.0,5000,13999
"realme C55 (Rainy Night, 128 GB)",4.4,12742,8,128,64.0,8.0,5000,13999
"realme C55 (Rainy Night, 64 GB)",4.3,9101,6,64,64.0,8.0,5000,11999
"realme C55 (Sunshower, 64 GB)",4.4,39053,4,64,64.0,8.0,5000,10999
"realme C55 (Rainforest, 64 GB)",4.4,39053,4,64,64.0,8.0,5000,10999
"realme C55 (Rainy Night, 64 GB)",4.4,39053,4,64,64.0,8.0,5000,10999
"realme C55 (Sunshower, 64 GB)",4.3,9101,6,64,64.0,8.0,5000,11999
"realme C33 2023 (Aqua Blue, 128 GB)",4.4,13111,4,128,50.0,5.0,5000,10499
"realme C33 2023 (Sandy Gold, 128 GB)",4.4,13111,4,128,50.0,5.0,5000,10499
"realme C30 (Bamboo Green, 32 GB)",4.1,55030,3,32,8.0,5.0,5000,6499
"realme C30 (Denim Black, 32 GB)",4.2,104291,2,32,8.0,5.0,5000,5999
"realme C33 2023 (Night Sea, 128 GB)",4.4,13111,4,128,50.0,5.0,5000,10499
"realme C30 (Denim Black, 32 GB)",4.1,55030,3,32,8.0,5.0,5000,6499
"realme C30 (Lake Blue, 32 GB)",4.1,55030,3,32,8.0,5.0,5000,6499
"realme 10 Pro 5G (Nebula Blue, 128 GB)",4.3,17768,8,128,108.0,16.0,5000,19999
"realme 10 Pro 5G (Dark Matter, 128 GB)",4.3,17768,8,128,108.0,16.0,5000,19999
"realme 10 Pro 5G (Hyperspace, 128 GB)",4.3,17768,8,128,108.0,16.0,5000,19999
"realme 10 Pro 5G (Hyperspace, 128 GB)",4.3,24728,6,128,108.0,16.0,5000,18999
"realme 10 Pro 5G (Nebula Blue, 128 GB)",4.3,24728,6,128,108.0,16.0,5000,18999
"realme 10 Pro 5G (Dark Matter, 128 GB)",4.3,24728,6,128,108.0,16.0,5000,18999
"realme 10 (Rush Black, 64 GB)",4.3,10967,4,64,50.0,16.0,5000,12499
"realme 10 (Clash White, 64 GB)",4.3,10967,4,64,50.0,16.0,5000,12499
"realme 10 (Rush Black, 128 GB)",4.3,4676,8,128,50.0,16.0,5000,15499
"realme 9 5G SE (Azure Glow, 128 GB)",4.4,4115,8,128,48.0,16.0,5000,17999
"realme 9 5G SE (Starry Glow, 128 GB)",4.4,4115,8,128,48.0,16.0,5000,17999
"realme 10 (Clash White, 128 GB)",4.3,4676,8,128,50.0,16.0,5000,15499
"realme Narzo 50i Prime (Dark Blue, 32 GB)",4.2,127,3,32,8.0,5.0,5000,7078
"realme 9i 5G (Soulful Blue, 128 GB)",4.3,8557,6,128,50.0,8.0,5000,16999
"realme 9i 5G (Rocking Black, 64 GB)",4.5,48258,4,64,50.0,8.0,5000,14999
"realme Narzo 50 (Speed Blue, 64 GB)",4.4,17460,4,64,50.0,16.0,5000,12999
"realme Narzo 50 (Speed Blue, 128 GB)",4.3,11210,6,128,50.0,16.0,5000,12999
"realme 9i 5G (Metallica Gold, 128 GB)",4.3,8557,6,128,50.0,8.0,5000,16999
"realme 9i 5G (Rocking Black, 128 GB)",4.3,8557,6,128,50.0,8.0,5000,16999
"realme 9i 5G (Soulful Blue, 64 GB)",4.5,48258,4,64,50.0,8.0,5000,14999
"realme Narzo 50 (Speed Black, 128 GB)",4.3,11210,6,128,50.0,16.0,5000,12999
"realme 9i 5G (Metallica Gold, 64 GB)",4.5,48258,4,64,50.0,8.0,5000,14999
"realme C25s (Watery Grey, 128 GB)",4.4,51873,4,128,13.0,8.0,6000,9999
"realme C55 (Rainforest / Green, 128 GB)",4.4,12742,8,128,64.0,8.0,5000,15495
"realme Narzo 50 (Speed Black, 64 GB)",4.4,17460,4,64,50.0,16.0,5000,12350
"realme Narzo 50i Prime (Mint Green, 64 GB)",4.1,360,4,64,8.0,5.0,5000,8449
"realme C21Y (Cross Blue, 32 GB)",4.6,91242,3,32,13.0,5.0,5000,7499
"realme C35 (Glowing Black, 128 GB)",4.4,189477,4,128,50.0,8.0,5000,10699
"realme C35 (Glowing Black, 64 GB)",4.4,189477,4,64,50.0,8.0,5000,9699
"realme C21Y (Cross Black, 32 GB)",4.6,91242,3,32,13.0,5.0,5000,7499
"realme Narzo 50i (Carbon Black, 32 GB)",4.5,123959,2,32,8.0,5.0,5000,7180
"realme C21Y (Cross Black, 32 GB)",4.6,91242,3,32,13.0,5.0,5000,7499
"realme C33 (Night Sea, 32 GB)",4.4,25430,3,32,50.0,5.0,5000,8999
"realme C33 (Sandy Gold, 32 GB)",4.4,25430,3,32,50.0,5.0,5000,8999
"realme C33 (Aqua Blue, 32 GB)",4.4,25430,3,32,50.0,5.0,5000,8999
"realme Narzo 30 (Racing Silver, 128 GB)",4.3,77321,6,128,48.0,16.0,5000,12499
"realme C21Y (Cross Blue, 64 GB)",4.5,255896,4,64,13.0,5.0,5000,8499
"realme C25s (Watery Blue, 128 GB)",4.4,51873,4,128,13.0,8.0,6000,10489
"realme C33 (Sandy Gold, 64 GB)",4.4,69800,4,64,50.0,5.0,5000,9999
"realme C33 (Night Sea, 64 GB)",4.4,69800,4,64,50.0,5.0,5000,9999
"realme C33 (Aqua Blue, 64 GB)",4.4,69800,4,64,50.0,5.0,5000,9999
"realme Narzo 50i (Carbon Black, 64 GB)",4.3,63130,4,64,8.0,5.0,5000,8949
"realme GT 2 (Steel Black, 128 GB)",4.3,9393,8,128,50.0,16.0,5000,23999
"realme GT 2 (Paper White, 128 GB)",4.3,9393,8,128,50.0,16.0,5000,23999
"realme Narzo 30 (Racing Blue, 128 GB)",4.3,77321,6,128,48.0,16.0,5000,12499
"realme C33 2023 (Aqua Blue, 64 GB)",4.4,13111,4,64,50.0,5.0,5000,9999
"realme C33 2023 (Sandy Gold, 64 GB)",4.4,13111,4,64,50.0,5.0,5000,9999
"realme C21Y (Cross Black, 64 GB)",4.5,255896,4,64,13.0,5.0,5000,8499
"realme 8i (Space Black, 64 GB)",4.5,174284,4,64,50.0,16.0,5000,11499
"realme C33 2023 (Night Sea, 64 GB)",4.4,13111,4,64,50.0,5.0,5000,9999
"realme C31 (Light Silver, 32 GB)",4.5,48051,3,32,13.0,5.0,5000,8049
"realme C31 (Dark Green, 32 GB)",4.5,48051,3,32,13.0,5.0,5000,8049
"realme C31 (Dark Green, 64 GB)",4.4,65343,4,64,13.0,5.0,5000,8749
"realme C31 (Light Silver, 64 GB)",4.4,65343,4,64,13.0,5.0,5000,8749
"realme Narzo 30 Pro 5G (Blade Silver, 128 GB)",4.3,28717,8,128,48.0,16.0,5000,15999
"realme C11 2021 (Cool Blue, 64 GB)",4.3,210255,4,64,8.0,5.0,5000,8999
"realme C11 2021 (Cool Grey, 64 GB)",4.3,210255,4,64,8.0,5.0,5000,8999
"realme 10 Pro+ 5G (Nebula Blue, 128 GB)",4.4,16541,8,128,108.0,16.0,5000,25999
"realme Narzo 50A Prime (Flash Black, 64 GB)",4.1,1238,4,64,50.0,8.0,5000,11998
"realme 10 Pro+ 5G (Hyperspace, 128 GB)",4.4,16541,8,128,108.0,16.0,5000,25999
"realme 10 Pro+ 5G (Dark Matter, 128 GB)",4.4,16541,8,128,108.0,16.0,5000,25999
"realme 10 Pro+ 5G (Nebula Blue, 128 GB)",4.4,24462,6,128,108.0,16.0,5000,24999
"realme 10 Pro+ 5G (Dark Matter, 128 GB)",4.4,24462,6,128,108.0,16.0,5000,24999
"realme 10 Pro+ 5G (Hyperspace, 128 GB)",4.4,24462,6,128,108.0,16.0,5000,24999
"realme C30s (Stripe Black, 32 GB)",4.4,6173,2,32,8.0,5.0,5000,6999
"realme C30s (Stripe Blue, 32 GB)",4.4,6173,2,32,8.0,5.0,5000,6999
"realme Narzo 50A (Oxygen Blue, 64 GB)",4.4,342411,4,64,50.0,8.0,6000,11499
"realme 9i (Prism Black, 128 GB)",4.5,27119,6,128,50.0,16.0,5000,14499
"realme 9i (Prism Black, 128 GB)",4.5,130575,4,128,50.0,16.0,5000,13499
"realme 9i (Prism Blue, 64 GB)",4.5,130575,4,64,50.0,16.0,5000,11999
"realme C30 (Bamboo Green, 32 GB)",4.2,104291,2,32,8.0,5.0,5000,5999
"realme C30 (Lake Blue, 32 GB)",4.2,104291,2,32,8.0,5.0,5000,5999
"realme 9 5G SE (Azure Glow, 128 GB)",4.4,28393,6,128,48.0,16.0,5000,14999
"realme Narzo 50i Prime (Dark Blue, 64 GB)",4.1,360,4,64,8.0,5.0,5000,8427
"realme 9 5G SE (Starry Glow, 128 GB)",4.4,28393,6,128,48.0,16.0,5000,14999
"realme C25s (Watery Blue, 64 GB)",4.4,51873,4,64,13.0,8.0,6000,8999
"realme C55 (Rainy Night / Black, 128 GB)",4.4,12742,8,128,64.0,8.0,5000,15499
"realme Narzo 30 (Racing Blue, 64 GB)",4.4,106846,4,64,48.0,16.0,5000,10499
"realme C25s (Watery Grey, 64 GB)",4.4,51873,4,64,13.0,8.0,6000,8999
"realme C35 (Glowing Green, 128 GB)",4.3,16739,6,128,50.0,8.0,5000,11699
"realme Narzo 50i (Mint Green, 64 GB)",4.3,63130,4,64,8.0,5.0,5000,8910
"realme C35 (Glowing Black, 128 GB)",4.3,16739,6,128,50.0,8.0,5000,11699
"realme X3 SuperZoom (Arctic White, 256 GB)",4.3,11117,8,256,64.0,32.0,4200,14999
"realme GT 2 (Paper Green, 128 GB)",4.3,9393,8,128,50.0,16.0,5000,23999
"realme C11 2021 (Cool Blue, 32 GB)",4.4,236693,2,32,8.0,5.0,5000,7499
"realme X3 SuperZoom (Glacier Blue, 256 GB)",4.2,2923,12,256,64.0,32.0,4200,17999
"realme GT 2 (Paper Green, 256 GB)",4.4,1313,12,256,50.0,16.0,5000,27999
"realme Narzo 30 (Racing Blue, 64 GB)",4.3,77321,6,64,48.0,16.0,5000,11499
"realme Narzo 30 (Racing Silver, 64 GB)",4.3,77321,6,64,48.0,16.0,5000,11499
"realme Narzo 30 (Racing Silver, 64 GB)",4.4,106846,4,64,48.0,16.0,5000,10499
"realme 8i (Space Black, 128 GB)",4.4,70506,6,128,50.0,16.0,5000,17999
"realme C11 2021 (Cool Grey, 32 GB)",4.4,236693,2,32,8.0,5.0,5000,7499
"realme Narzo 30 Pro 5G (Sword Black, 128 GB)",4.3,28717,8,128,48.0,16.0,5000,15999
"realme X3 SuperZoom (Arctic White, 256 GB)",4.2,2923,12,256,64.0,32.0,4200,17999
"realme X3 SuperZoom (Glacier Blue, 256 GB)",4.3,11117,8,256,64.0,32.0,4200,14999
"realme 8i (Space Purple, 64 GB)",4.5,174284,4,64,50.0,16.0,5000,11499
"realme Narzo 30 Pro 5G (Sword Black, 64 GB)",4.3,60355,6,64,48.0,16.0,5000,12999
"realme X3 SuperZoom (Arctic White, 128 GB)",4.3,11117,8,128,64.0,32.0,4200,12999
"realme 9i (Prism Black, 64 GB)",4.5,130575,4,64,50.0,16.0,5000,11999
"realme 9i (Prism Black, 128 GB)",4.5,130575,4,128,50.0,16.0,5000,13499
"realme C30s (Stripe Black, 64 GB)",4.2,6505,4,64,8.0,5.0,5000,8499
"realme Narzo 50A (Oxygen Blue, 64 GB)",4.4,342411,4,64,50.0,8.0,6000,11499
"realme 8 (Cyber Black, 128 GB)",4.4,96600,8,128,64.0,16.0,5000,15499
"realme 10 (Clash - White, 128 GB)",4.3,4676,8,128,50.0,16.0,5000,17999
"realme 9 Pro+ 5G (Midnight Black, 128 GB)",4.4,32551,8,128,50.0,16.0,4500,19999
"realme 9 5G (Supersonic Black, 64 GB)",4.5,41495,4,64,48.0,16.0,5000,13499
"realme Narzo 50A (Oxygen Green, 128 GB)",4.4,342411,4,128,50.0,8.0,6000,11495
"realme 9 5G (Meteor Black, 64 GB)",4.5,41495,4,64,48.0,16.0,5000,13499
"Realme C30 - Locked with Airtel Prepaid (Denim Black, 32 GB)",4.2,104291,2,32,8.0,5.0,5000,5549
"realme 9i (Prism Blue, 128 GB)",4.5,130575,4,128,50.0,16.0,5000,13499
"realme 9 Pro+ 5G (Midnight Black, 256 GB)",4.4,32551,8,256,50.0,16.0,4500,21999
"realme Narzo 50A (Oxygen Green, 64 GB)",4.4,342411,4,64,50.0,8.0,6000,12490
"realme GT Master Edition (Daybreak Blue, 256 GB)",4.3,62922,8,256,64.0,32.0,4300,24999
"realme GT Master Edition (Luna White, 256 GB)",4.3,62922,8,256,64.0,32.0,4300,24999
"realme 9 Pro+ 5G (Aurora Green, 256 GB)",4.4,32551,8,256,50.0,16.0,4500,21999
"realme C21 (Cross Blue, 64 GB)",4.4,149133,4,64,13.0,5.0,5000,10499
"realme C21 (Cross Black, 64 GB)",4.4,149133,4,64,13.0,5.0,5000,10499
"realme C21 (Cross Black, 32 GB)",4.4,72333,3,32,13.0,5.0,5000,9499
"realme 9 Pro+ 5G (Sunrise Blue, 256 GB)",4.4,32551,8,256,50.0,16.0,4500,21999
"realme Narzo 50A Prime (Flash Blue, 64 GB)",4.1,1238,4,64,50.0,8.0,5000,11199
"realme C30s (Stripe Blue, 64 GB)",4.2,6505,4,64,8.0,5.0,5000,9290
"realme GT Neo 3T (Dash Yellow, 128 GB)",4.3,19257,6,128,64.0,16.0,5000,34999
"realme GT Neo 3T (Drifting White, 256 GB)",4.3,13087,8,256,64.0,16.0,5000,38999
"realme C25_Y (Glacier Blue, 64 GB)",4.5,47528,4,64,50.0,8.0,5000,10999
"realme GT Neo 3T (Shade Black, 128 GB)",4.3,19257,6,128,64.0,16.0,5000,34999
"realme C25_Y (Metal Grey, 64 GB)",4.5,47528,4,64,50.0,8.0,5000,10999
"realme GT Neo 3T (Dash Yellow, 256 GB)",4.3,13087,8,256,64.0,16.0,5000,38999
"realme GT Neo 3T (Drifting White, 128 GB)",4.3,19257,6,128,64.0,16.0,5000,34999
"realme GT Neo 3T (Drifting White, 128 GB)",4.3,13087,8,128,64.0,16.0,5000,36999
"realme GT Neo 3T (Dash Yellow, 128 GB)",4.3,13087,8,128,64.0,16.0,5000,36999
"realme 9 Pro 5G (Midnight Black, 128 GB)",4.4,85111,6,128,64.0,16.0,5000,18999
"realme C25_Y (Metal Grey, 128 GB)",4.5,47528,4,128,50.0,8.0,5000,11999
"realme 8 5G (Supersonic Blue, 128 GB)",4.3,77567,4,128,48.0,16.0,5000,16499
"realme 6 Pro (Lightning Orange, 64 GB)",4.4,61201,6,64,64.0,16.0,4300,17999
"realme C25Y (Metal Grey, 64 GB)",4.4,139101,4,64,50.0,8.0,5000,10790
"realme 3i (Diamond Black, 64 GB)",4.4,80202,4,64,13.0,13.0,4230,10499
"realme 3i (Diamond Red, 64 GB)",4.4,80202,4,64,13.0,13.0,4230,10499
"realme 3i (Diamond Black, 32 GB)",4.4,304057,3,32,13.0,13.0,4230,8499
"realme 3i (Diamond Blue, 32 GB)",4.4,304057,3,32,13.0,13.0,4230,8499
"Realme C30 - Locked with Airtel Prepaid (Denim Black, 32 GB)",4.1,55030,3,32,8.0,5.0,5000,6049
"Realme C30 - Locked with Airtel Prepaid (Lake Blue, 32 GB)",4.1,55030,3,32,8.0,5.0,5000,6049
"realme GT 2 (Paper White, 256 GB)",4.4,1313,12,256,50.0,16.0,5000,32999
"realme GT 2 (Steel Black, 256 GB)",4.4,1313,12,256,50.0,16.0,5000,32299
"realme 9 (Sunburst Gold, 128 GB)",4.4,65374,6,128,108.0,16.0,5000,16999
"Realme C30 - Locked with Airtel Prepaid (Denim Black, 32 GB)",4.1,55030,3,32,8.0,5.0,5000,6049
"realme 9 (Meteor Black, 128 GB)",4.4,26968,8,128,108.0,16.0,5000,17999
"realme C12 (Power Silver, 32 GB)",4.4,324571,3,32,13.0,5.0,6000,10999
"realme C12 (Power Blue, 32 GB)",4.4,324571,3,32,13.0,5.0,6000,10999
"realme X3 SuperZoom (Arctic White, 256 GB)",4.2,2923,12,256,64.0,32.0,4200,17999
"realme X3 SuperZoom (Glacier Blue, 256 GB)",4.3,11117,8,256,64.0,32.0,4200,14999
"realme X3 SuperZoom (Arctic White, 128 GB)",4.3,11117,8,128,64.0,32.0,4200,12999
"realme C20 (Cool Grey, 32 GB)",4.4,299943,2,32,8.0,5.0,5000,7499
"realme 9 Pro+ 5G (Aurora Green, 128 GB)",4.4,32192,6,128,50.0,16.0,4500,17999
"realme 10 Pro+ 5G (Nebula Blue, 256 GB)",4.4,16541,8,256,108.0,16.0,5000,27999
"realme 10 Pro+ 5G (Hyperspace, 256 GB)",4.4,16541,8,256,108.0,16.0,5000,27999
"realme 10 Pro+ 5G (Dark Matter, 256 GB)",4.4,16541,8,256,108.0,16.0,5000,27999
"realme 8 (Cyber Silver, 128 GB)",4.4,122545,6,128,64.0,16.0,5000,14499
"realme C20 (Cool Blue, 32 GB)",4.4,299943,2,32,8.0,5.0,5000,7499
"realme 8 (Cyber Silver, 128 GB)",4.4,124493,4,128,64.0,16.0,5000,13499
"Realme C30 - Locked with Airtel Prepaid (Bamboo Green, 32 GB)",4.1,55030,3,32,8.0,5.0,5000,6049
"Realme C30 - Locked with Airtel Prepaid (Lake Blue, 32 GB)",4.2,104291,2,32,8.0,5.0,5000,5549
"realme Narzo 50A (Oxygen Blue, 128 GB)",4.4,342411,4,128,50.0,8.0,6000,11999
"realme 9 5G (Supersonic Blue, 64 GB)",4.5,41495,4,64,48.0,16.0,5000,13499
"realme 9 5G (Stargaze White, 64 GB)",4.5,41495,4,64,48.0,16.0,5000,13499
"realme 9 Pro+ 5G (Midnight Black, 128 GB)",4.4,32192,6,128,50.0,16.0,4500,17999
"realme 9 Pro+ 5G (Sunrise Blue, 128 GB)",4.4,32551,8,128,50.0,16.0,4500,19999
"realme 9 Pro+ 5G (Midnight Black, 128 GB)",4.4,32192,6,128,50.0,16.0,4500,17999
"realme 9 Pro+ 5G (Sunrise Blue, 128 GB)",4.4,32192,6,128,50.0,16.0,4500,17999
"realme 9i (Prism Blue, 128 GB)",4.5,27119,6,128,50.0,16.0,5000,14499
"realme 8 (Cyber Silver, 128 GB)",4.4,96600,8,128,64.0,16.0,5000,15499
"realme 8 (Cyber Black, 128 GB)",4.4,122545,6,128,64.0,16.0,5000,14499
"realme 9 Pro+ 5G (Aurora Green, 128 GB)",4.4,32551,8,128,50.0,16.0,4500,19999
"realme GT Master Edition (Luna White, 128 GB)",4.3,62922,8,128,64.0,32.0,4300,22999
"realme GT Master Edition (Voyager Grey, 128 GB)",4.3,62922,8,128,64.0,32.0,4300,22999
"realme GT Master Edition (Luna White, 128 GB)",4.4,47287,6,128,64.0,32.0,4300,20999
"realme 9 5G (Stargaze White, 128 GB)",4.4,50931,6,128,48.0,16.0,5000,14999
"Realme C30 - Locked with Airtel Prepaid (Bamboo Green, 32 GB)",4.2,104291,2,32,8.0,5.0,5000,5549
"realme GT Master Edition (Cosmos Black, 256 GB)",4.3,62922,8,256,64.0,32.0,4300,24999
"realme GT Master Edition (Voyager Grey, 256 GB)",4.3,62922,8,256,64.0,32.0,4300,24999
"realme GT Master Edition (Cosmos Black, 128 GB)",4.3,62922,8,128,64.0,32.0,4300,22999
"realme GT Master Edition (Daybreak Blue, 128 GB)",4.3,62922,8,128,64.0,32.0,4300,22999
"realme GT Master Edition (Voyager Grey, 128 GB)",4.4,47287,6,128,64.0,32.0,4300,20999
"realme 9 5G (Meteor Black, 128 GB)",4.4,50931,6,128,48.0,16.0,5000,14999
"realme 9 5G (Supersonic Blue, 128 GB)",4.4,50931,6,128,48.0,16.0,5000,14999
"realme 9 5G (Supersonic Black, 128 GB)",4.4,50931,6,128,48.0,16.0,5000,14999
"realme C21 (Cross Blue, 32 GB)",4.4,72333,3,32,13.0,5.0,5000,9499
"realme GT Master Edition (Daybreak Blue, 128 GB)",4.4,47287,6,128,64.0,32.0,4300,20999
"realme GT Master Edition (Cosmos Black, 128 GB)",4.4,47287,6,128,64.0,32.0,4300,20999
"realme GT Neo 3T (Shade Black, 256 GB)",4.3,13087,8,256,64.0,16.0,5000,38999
"realme 9 Pro 5G (Midnight Black, 128 GB)",4.3,15032,8,128,64.0,16.0,5000,20999
"realme C25_Y (Glacier Blue, 128 GB)",4.5,47528,4,128,50.0,8.0,5000,11999
"realme C25 (Watery Blue, 64 GB)",4.4,44548,4,64,13.0,8.0,6000,9999
"realme C25 (Watery Grey, 128 GB)",4.4,44548,4,128,13.0,8.0,6000,10999
"realme 9 Pro 5G (Aurora Green, 128 GB)",4.3,15032,8,128,64.0,16.0,5000,20999
"realme 8i (Space Purple, 128 GB)",4.4,70506,6,128,50.0,16.0,5000,17999
"realme C25 (Watery Blue, 128 GB)",4.4,44548,4,128,13.0,8.0,6000,10999
"realme C25 (Watery Grey, 64 GB)",4.4,44548,4,64,13.0,8.0,6000,9999
"realme 9 Pro 5G (Sunrise Blue, 128 GB)",4.4,85111,6,128,64.0,16.0,5000,18999
"realme 3i (Diamond Blue, 64 GB)",4.4,80202,4,64,13.0,13.0,4230,10499
"realme 9 Pro 5G (Aurora Green, 128 GB)",4.4,85111,6,128,64.0,16.0,5000,18999
"realme 8 5G (Supersonic Black, 128 GB)",4.4,70390,8,128,48.0,16.0,5000,18499
"realme Narzo 30A (Laser Black, 32 GB)",4.3,131480,3,32,13.0,8.0,6000,8999
"realme 9 (Stargaze White, 128 GB)",4.4,65374,6,128,108.0,16.0,5000,16999
"realme C25Y (Glacier Blue, 128 GB)",4.4,139101,4,128,50.0,8.0,5000,13999
"realme 9 (Stargaze White, 128 GB)",4.4,26968,8,128,108.0,16.0,5000,17999
"realme Narzo 30A (Laser Blue, 32 GB)",4.3,131480,3,32,13.0,8.0,6000,8999
"realme 6 (Comet White, 64 GB)",4.4,86814,4,64,64.0,16.0,4300,13999
"realme 8 5G (Supersonic Blue, 128 GB)",4.4,70390,8,128,48.0,16.0,5000,18499
"realme 8 5G (Supersonic Black, 128 GB)",4.3,77567,4,128,48.0,16.0,5000,16499
"realme 8 5G (Supersonic Black, 64 GB)",4.3,77567,4,64,48.0,16.0,5000,15499
"realme 8 5G (Supersonic Blue, 64 GB)",4.3,77567,4,64,48.0,16.0,5000,15499
"realme Narzo 30A (Laser Black, 64 GB)",4.4,130954,4,64,13.0,8.0,6000,9999
"SAMSUNG Galaxy F04 (Opal Green, 64 GB)",4.2,25145,4,64,13.0,5.0,5000,8499
"SAMSUNG Galaxy F13 (Waterfall Blue, 128 GB)",4.3,151074,4,128,50.0,8.0,6000,11999
"SAMSUNG Galaxy F13 (Nightsky Green, 128 GB)",4.3,151074,4,128,50.0,8.0,6000,11999
"SAMSUNG Galaxy F13 (Nightsky Green, 64 GB)",4.3,151074,4,64,50.0,8.0,6000,10999
"SAMSUNG Galaxy F13 (Waterfall Blue, 64 GB)",4.3,151074,4,64,50.0,8.0,6000,10999
"SAMSUNG Galaxy F04 (Jade Purple, 64 GB)",4.2,25145,4,64,13.0,5.0,5000,8499
"SAMSUNG Galaxy F14 5G (GOAT Green, 128 GB)",4.2,15053,6,128,50.0,13.0,6000,14490
"SAMSUNG Galaxy F14 5G (B.A.E. Purple, 128 GB)",4.2,15053,6,128,50.0,13.0,6000,14490
"SAMSUNG Galaxy F13 (Sunrise Copper, 64 GB)",4.3,151074,4,64,50.0,8.0,6000,10999
"SAMSUNG Galaxy F23 5G (Aqua Blue, 128 GB)",4.3,192890,6,128,50.0,8.0,5000,16999
"SAMSUNG Galaxy F13 (Sunrise Copper, 128 GB)",4.3,151074,4,128,50.0,8.0,6000,11999
"SAMSUNG Galaxy F14 5G (OMG Black, 128 GB)",4.2,6173,4,128,50.0,13.0,6000,13490
"SAMSUNG Galaxy F14 5G (GOAT Green, 128 GB)",4.2,6173,4,128,50.0,13.0,6000,13490
"SAMSUNG Galaxy F14 5G (B.A.E. Purple, 128 GB)",4.2,6173,4,128,50.0,13.0,6000,13490
"SAMSUNG Galaxy F23 5G (Copper Blush, 128 GB)",4.3,192890,6,128,50.0,8.0,5000,16999
"SAMSUNG Galaxy F14 5G (OMG Black, 128 GB)",4.2,15053,6,128,50.0,13.0,6000,14490
"SAMSUNG Galaxy M04 (Light Green, 64 GB)",4.1,2898,4,64,13.0,5.0,5000,8093
"SAMSUNG Galaxy F23 5G (Forest Green, 128 GB)",4.3,192890,6,128,50.0,8.0,5000,16999
"SAMSUNG Galaxy M04 (Dark Blue, 64 GB)",4.1,2898,4,64,13.0,5.0,5000,7985
"SAMSUNG Galaxy F23 5G (Forest Green, 128 GB)",4.2,43388,4,128,50.0,8.0,5000,15999
"SAMSUNG Galaxy S22 Plus 5G (Phantom Black, 128 GB)",4.5,3234,8,128,50.0,10.0,4500,49999
"SAMSUNG Galaxy A14 5G (Black, 128 GB)",4.0,1698,6,128,50.0,13.0,5000,18999
"SAMSUNG Galaxy A14 5G (Dark Red, 64 GB)",4.1,1133,4,64,50.0,13.0,5000,16499
"SAMSUNG Galaxy F23 5G (Aqua Blue, 128 GB)",4.2,43388,4,128,50.0,8.0,5000,15999
"SAMSUNG Galaxy A14 5G (Light Green, 128 GB)",4.0,1698,6,128,50.0,13.0,5000,18999
"SAMSUNG Galaxy A23 5G (Silver, 128 GB)",4.1,542,6,128,50.0,8.0,5000,21999
"SAMSUNG Galaxy Z Flip3 5G (Phantom Black, 128 GB)",4.3,4205,8,128,12.0,10.0,3300,49999
"SAMSUNG Galaxy A14 5G (Dark Red, 128 GB)",4.0,1698,6,128,50.0,13.0,5000,18999
"SAMSUNG Galaxy A14 5G (Light Green, 128 GB)",4.1,1021,8,128,50.0,13.0,5000,20999
"SAMSUNG Galaxy A14 5G (Dark Red, 128 GB)",4.1,1021,8,128,50.0,13.0,5000,20999
"SAMSUNG Galaxy S22 Plus 5G (Green, 128 GB)",4.5,3234,8,128,50.0,10.0,4500,49999
"SAMSUNG Galaxy A34 5G (Awesome Violet, 256 GB)",4.2,715,8,256,48.0,13.0,5000,32999
"SAMSUNG Galaxy A14 5G (Light Green, 64 GB)",4.1,1133,4,64,50.0,13.0,5000,16499
"SAMSUNG Galaxy A34 5G (Awesome Graphite, 128 GB)",4.2,715,8,128,48.0,13.0,5000,30999
"SAMSUNG Galaxy A14 5G (Black, 64 GB)",4.1,1133,4,64,50.0,13.0,5000,16499
"SAMSUNG Galaxy A34 5G (Awesome Lime, 128 GB)",4.2,715,8,128,48.0,13.0,5000,30999
"SAMSUNG Galaxy A34 5G (Awesome Violet, 128 GB)",4.2,715,8,128,48.0,13.0,5000,30999
"SAMSUNG Galaxy A34 5G (Awesome Silver, 128 GB)",4.2,715,8,128,48.0,13.0,5000,30999
"SAMSUNG Galaxy A23 5G (Light Blue, 128 GB)",4.1,542,6,128,50.0,8.0,5000,21999
"SAMSUNG Galaxy A54 5G (Awesome Graphite, 256 GB)",4.3,414,8,256,50.0,32.0,5000,40999
"SAMSUNG Galaxy A23 (Blue, 128 GB)",4.2,995,6,128,50.0,8.0,5000,17499
"SAMSUNG Galaxy A23 (Blue, 128 GB)",4.2,995,6,128,50.0,8.0,5000,17499
"SAMSUNG Galaxy A54 5G (Awesome Graphite, 256 GB)",4.3,414,8,256,50.0,32.0,5000,40999
"SAMSUNG Galaxy S21 FE 5G (Graphite, 128 GB)",4.3,54879,8,128,12.0,32.0,4500,39999
"SAMSUNG Galaxy A23 (Black, 128 GB)",4.2,995,6,128,50.0,8.0,5000,17499
"SAMSUNG Galaxy S21 FE 5G (White, 128 GB)",4.3,54879,8,128,12.0,32.0,4500,39999
"SAMSUNG Galaxy A14 5G (Black, 128 GB)",4.1,1021,8,128,50.0,13.0,5000,20999
"SAMSUNG Galaxy S21 FE 5G (Lavender, 128 GB)",4.3,54879,8,128,12.0,32.0,4500,39999
"SAMSUNG Galaxy A04e (Copper, 64 GB)",4.4,66,3,64,13.0,5.0,5000,9999
"SAMSUNG Galaxy A54 5G (Awesome Violet, 256 GB)",4.3,414,8,256,50.0,32.0,5000,40999
"SAMSUNG Galaxy S20 FE (Cloud Lavender, 128 GB)",4.0,1008,8,128,12.0,32.0,4500,29900
"SAMSUNG Galaxy A04e (Light Blue, 64 GB)",4.4,66,3,64,13.0,5.0,5000,9999
"SAMSUNG Galaxy A04s (Green, 64 GB)",4.1,74,4,64,50.0,5.0,5000,12499
"SAMSUNG Galaxy S23 5G (Green, 256 GB)",4.6,1645,8,256,50.0,12.0,3900,79999
"SAMSUNG Galaxy A23 (Blue, 128 GB)",4.3,567,8,128,50.0,8.0,5000,19999
"SAMSUNG Galaxy A04s (Black, 64 GB)",4.1,74,4,64,50.0,5.0,5000,12499
"SAMSUNG Galaxy A23 (Peach, 128 GB)",4.2,995,6,128,50.0,8.0,5000,17499
"SAMSUNG Galaxy A34 5G (Awesome Lime, 256 GB)",4.2,715,8,256,48.0,13.0,5000,32999
"SAMSUNG Galaxy A04 (Black, 128 GB)",4.0,46,4,128,50.0,5.0,5000,12999
"SAMSUNG Galaxy S23 5G (Cream, 256 GB)",4.6,1645,8,256,50.0,12.0,3900,79999
"SAMSUNG Galaxy F22 (Denim Black, 64 GB)",4.3,104763,4,64,48.0,13.0,6000,11499
"SAMSUNG Galaxy S23 5G (Phantom Black, 256 GB)",4.6,1645,8,256,50.0,12.0,3900,79999
"SAMSUNG Galaxy A03 Core (Bronze, 32 GB)",4.1,3592,2,32,8.0,5.0,5000,7499
"SAMSUNG Galaxy S23 Ultra 5G (Green, 256 GB)",4.3,720,12,256,200.0,12.0,5000,124999
"SAMSUNG Galaxy A13 (Peach, 128 GB)",4.2,447,6,128,50.0,8.0,5000,16499
"SAMSUNG Galaxy F12 (Sea Green, 64 GB)",4.3,300403,4,64,48.0,8.0,6000,10499
"SAMSUNG M32 5G (Sky blue, 128 GB)",4.1,3940,6,128,48.0,13.0,5000,16200
"SAMSUNG Galaxy A50 (White, 64 GB)",4.3,68185,4,64,25.0,25.0,4000,15899
"SAMSUNG Galaxy A54 5G (Awesome Lime, 128 GB)",4.3,414,8,128,50.0,32.0,5000,38999
"SAMSUNG Galaxy F42 5G (Matte Aqua, 128 GB)",4.1,6297,8,128,64.0,8.0,5000,22999
"SAMSUNG Galaxy S23 Ultra 5G (Phantom Black, 256 GB)",4.3,720,12,256,200.0,12.0,5000,124999
"SAMSUNG Galaxy A04 (Copper, 128 GB)",4.0,46,4,128,50.0,5.0,5000,12999
"SAMSUNG Galaxy A33 (Awesome Blue, 128 GB)",4.1,1044,8,128,48.0,13.0,5000,28999
"SAMSUNG Galaxy A52 (Awesome Blue, 128 GB)",4.3,2204,6,128,64.0,32.0,4500,25990
"SAMSUNG Galaxy A23 5G (Silver, 128 GB)",3.8,298,8,128,50.0,8.0,5000,23999
"SAMSUNG Galaxy F22 (Denim Black, 128 GB)",4.3,66768,6,128,48.0,13.0,6000,13499
"SAMSUNG Galaxy S23 5G (Lavender, 256 GB)",4.6,1645,8,256,50.0,12.0,3900,79999
"SAMSUNG Galaxy S23 Plus 5G (Cream, 256 GB)",4.5,140,8,256,50.0,12.0,4700,94999
"SAMSUNG Galaxy A03 (Black, 32 GB)",4.1,916,3,32,48.0,5.0,5000,8199
"SAMSUNG Galaxy A03 (Blue, 32 GB)",4.1,916,3,32,48.0,5.0,5000,9990
"SAMSUNG Galaxy A13 (Black, 128 GB)",4.2,447,6,128,50.0,8.0,5000,16499
"SAMSUNG Galaxy A54 5G (Awesome Lime, 256 GB)",4.3,414,8,256,50.0,32.0,5000,40999
"SAMSUNG Galaxy S21 FE 5G (Olive Green, 128 GB)",4.3,54879,8,128,12.0,32.0,4500,39999
"SAMSUNG Galaxy A73 5G (Awesome White, 128 GB)",4.2,1636,8,128,108.0,32.0,5000,36990
"SAMSUNG Galaxy F22 (Denim Blue, 128 GB)",4.3,66768,6,128,48.0,13.0,6000,13499
"SAMSUNG A04 e (Copper, 64 GB)",4.7,7,3,64,13.0,5.0,5000,9850
"SAMSUNG Galaxy A03 Core (Green, 32 GB)",4.1,3592,2,32,8.0,5.0,5000,7462
"SAMSUNG Galaxy A03 Core (Blue, 32 GB)",4.1,3592,2,32,8.0,5.0,5000,7790
"SAMSUNG Galaxy S20 FE (Cloud Navy, 128 GB)",4.0,1008,8,128,12.0,32.0,4500,50010
"SAMSUNG Galaxy A23 5G (Light Blue, 128 GB)",3.8,298,8,128,50.0,8.0,5000,23999
"SAMSUNG Galaxy A33 (Awesome Peach, 128 GB)",4.1,1922,6,128,48.0,13.0,5000,27999
"SAMSUNG Galaxy F22 (Denim Blue, 64 GB)",4.3,104763,4,64,48.0,13.0,6000,11499
"SAMSUNG Galaxy A03 Core (Black, 32 GB)",4.1,3592,2,32,8.0,5.0,5000,7199
"SAMSUNG Galaxy S23 Plus 5G (Phantom Black, 256 GB)",4.5,140,8,256,50.0,12.0,4700,94999
"SAMSUNG Galaxy A04s (Green, 128 GB)",4.1,74,4,128,50.0,5.0,5000,13499
"SAMSUNG Galaxy A73 5G (Awesome Gray, 128 GB)",4.2,1636,8,128,108.0,32.0,5000,41999
"SAMSUNG Galaxy A04 (Black, 64 GB)",4.0,46,4,64,50.0,5.0,5000,11999
"SAMSUNG Galaxy S23 Plus 5G (Phantom Black, 512 GB)",4.5,140,8,512,50.0,12.0,4700,104999
"SAMSUNG Galaxy A13 (Peach, 64 GB)",4.1,859,4,64,50.0,8.0,5000,14499
"SAMSUNG Galaxy Z Flip3 5G (Cream, 128 GB)",4.3,4205,8,128,12.0,10.0,3300,49999
"SAMSUNG Galaxy A04e (Light Blue, 128 GB)",4.2,40,4,128,13.0,5.0,5000,11499
"SAMSUNG Galaxy A04 (Green, 128 GB)",4.0,46,4,128,50.0,5.0,5000,12999
"SAMSUNG Galaxy S23 Plus 5G (Cream, 512 GB)",4.5,140,8,512,50.0,12.0,4700,104999
"SAMSUNG Galaxy A04s (Black, 128 GB)",4.1,74,4,128,50.0,5.0,5000,13499
"SAMSUNG Galaxy A12 (White, 128 GB)",4.1,1353,6,128,48.0,8.0,5000,17999
"SAMSUNG Galaxy A73 5G (Awesome Gray, 256 GB)",4.2,1636,8,256,108.0,32.0,5000,39930
"SAMSUNG Galaxy A34 5G (Awesome Violet, 128 GB)",4.4,16,6,128,48.0,13.0,5000,30999
"SAMSUNG Galaxy A22 (Black, 128 GB)",4.2,1129,6,128,48.0,13.0,5000,18450
"SAMSUNG Galaxy A13 (Black, 128 GB)",4.1,859,4,128,50.0,8.0,5000,14999
"SAMSUNG Galaxy S23 Ultra 5G (Phantom Black, 512 GB)",4.3,720,12,512,200.0,12.0,5000,134999
"SAMSUNG Galaxy S23 Ultra 5G (Green, 512 GB)",4.3,720,12,512,200.0,12.0,5000,134999
"SAMSUNG Galaxy S22 5G (Phantom Black, 256 GB)",4.3,295,8,256,50.0,10.0,3700,72999
"SAMSUNG Galaxy Z Flip4 5G (Graphite, 256 GB)",3.7,200,8,256,12.0,10.0,3700,94999
"SAMSUNG Galaxy S22 5G (Green, 128 GB)",4.3,295,8,128,50.0,10.0,3700,51990
"SAMSUNG Galaxy A53 (Awesome Black, 256 GB)",4.1,1558,8,256,64.0,32.0,5000,42999
"SAMSUNG Galaxy S22 5G (Phantom Black, 128 GB)",4.3,295,8,128,50.0,10.0,3700,51490
"SAMSUNG Galaxy A04e (Copper, 128 GB)",4.2,40,4,128,13.0,5.0,5000,11499
"SAMSUNG Galaxy S9 (Coral Blue, 64 GB)",4.4,30827,4,64,12.0,8.0,3000,62500
"SAMSUNG Galaxy A33 (Awesome Peach, 128 GB)",4.1,1044,8,128,48.0,13.0,5000,27995
"SAMSUNG Galaxy A33 (Awesome Black, 128 GB)",4.1,1044,8,128,48.0,13.0,5000,27499
"SAMSUNG Galaxy M32 5G (Sky Blue, 128 GB)",4.2,1467,8,128,48.0,13.0,5000,17990
"SAMSUNG M32 5G (Slate Black, 128 GB)",4.1,3940,6,128,48.0,13.0,5000,16900
"SAMSUNG Galaxy M02 (Blue, 32 GB)",4.0,1817,3,32,13.0,5.0,5000,8487
"SAMSUNG Galaxy A21s (Blue, 64 GB)",4.2,10468,6,64,48.0,13.0,5000,19998
"SAMSUNG Galaxy F12 (Sea Green, 128 GB)",4.3,300403,4,128,48.0,8.0,6000,11499
"SAMSUNG Galaxy F02s (Diamond Black, 32 GB)",4.2,4546,3,32,13.0,5.0,5000,9499
"SAMSUNG Galaxy A71 (Haze Crush Silver, 128 GB)",4.4,7289,8,128,64.0,32.0,4500,29499
"SAMSUNG Galaxy A22 (Black, 128 GB)",4.2,1129,6,128,48.0,13.0,5000,16999
"SAMSUNG M02s (Blue, 32 GB)",4.2,1300,3,32,13.0,5.0,5000,9176
"SAMSUNG Galaxy A03 (Blue, 64 GB)",4.1,193,4,64,48.0,5.0,5000,11499
"SAMSUNG Galaxy F02s (Diamond Blue, 32 GB)",4.2,4546,3,32,13.0,5.0,5000,9499
"SAMSUNG Galaxy A21s (Black, 64 GB)",4.2,23004,4,64,48.0,13.0,5000,17998
"SAMSUNG Galaxy M02 (Red, 32 GB)",4.0,1429,2,32,13.0,5.0,5000,7766
"SAMSUNG Galaxy A13 (White, 64 GB)",4.1,859,4,64,50.0,8.0,5000,14499
"SAMSUNG Galaxy A21s (Black, 64 GB)",4.2,10468,6,64,48.0,13.0,5000,19998
"SAMSUNG Galaxy A53 (Awesome Blue, 128 GB)",4.1,1558,8,128,64.0,32.0,5000,33499
"SAMSUNG M31 (Ocean Blue, 128 GB)",4.3,7505,6,128,64.0,32.0,6000,16590
"SAMSUNG M01 core (Blue, 32 GB)",3.9,10124,2,32,8.0,5.0,3000,6060
"SAMSUNG Galaxy F02s (Diamond White, 64 GB)",4.2,4594,4,64,13.0,5.0,5000,11499
"SAMSUNG Galaxy F62 (Laser Blue, 128 GB)",4.3,31001,8,128,64.0,32.0,7000,25999
"SAMSUNG Galaxy M11 (Violet, 32 GB)",4.2,10712,3,32,13.0,8.0,5000,10999
"SAMSUNG Galaxy A12 (Blue, 128 GB)",4.1,1353,6,128,48.0,8.0,5000,17999
"SAMSUNG Galaxy A2 Core (Blue, 16 GB)",4.2,3351,1,16,5.0,5.0,2600,5900
"SAMSUNG Galaxy A21s (White, 64 GB)",4.2,23004,4,64,48.0,13.0,5000,13999
"SAMSUNG Galaxy A52 (Awesome Violet, 128 GB)",4.3,1303,8,128,64.0,32.0,4500,31998
"SAMSUNG Galaxy On Nxt (Black, 16 GB)",4.3,365632,3,16,13.0,8.0,3300,11200
"SAMSUNG Galaxy M02 (Gray, 32 GB)",4.0,1817,3,32,13.0,5.0,5000,8298
"SAMSUNG Galaxy A52 (Awesome Black, 128 GB)",4.3,2204,6,128,64.0,32.0,4500,30498
"SAMSUNG Galaxy M30S (Black, 128 GB)",4.3,4323,4,128,48.0,16.0,6000,15999
"SAMSUNG M02s (Black, 64 GB)",4.2,1252,4,64,13.0,5.0,5000,10190
"SAMSUNG Galaxy A12 (Black, 128 GB)",4.1,1353,6,128,48.0,8.0,5000,17999
"SAMSUNG Galaxy F02s (Diamond White, 32 GB)",4.2,4546,3,32,13.0,5.0,5000,10499
"SAMSUNG Galaxy A20s (Blue, 32 GB)",4.3,1234,3,32,13.0,8.0,4000,12900
"SAMSUNG M01 core (Black, 16 GB)",3.9,8485,1,16,8.0,5.0,3000,5499
"SAMSUNG Galaxy A34 5G (Awesome Silver, 256 GB)",4.2,715,8,256,48.0,13.0,5000,32999
"SAMSUNG Galaxy A21s (Silver, 128 GB)",4.2,10468,6,128,48.0,13.0,5000,18999
"OPPO A17 (Lake Blue, 64 GB)",4.4,6810,4,64,50.0,5.0,5000,12499
"OPPO A17k (Blue, 64 GB)",4.5,5055,3,64,8.0,5.0,5000,9499
"OPPO A17 (Sunlight Orange, 64 GB)",4.4,6810,4,64,50.0,5.0,5000,12499
"OPPO A17 (Midnight Black, 64 GB)",4.4,6810,4,64,50.0,5.0,5000,12499
"OPPO A77s (Sunset Orange, 128 GB)",4.3,879,8,128,50.0,8.0,5000,16499
"OPPO A17 (Lake Blue, 64 GB)",4.4,6810,4,64,50.0,5.0,5000,11929
"OPPO A77s (Starry Black, 128 GB)",4.3,879,8,128,50.0,8.0,5000,16499
"OPPO Reno8T 5G (Sunrise Gold, 128 GB)",4.3,9921,8,128,108.0,32.0,4800,29999
"OPPO Reno8T 5G (Midnight Black, 128 GB)",4.3,9921,8,128,108.0,32.0,4800,29999
"OPPO A17K (Navy Blue, 64 GB)",4.5,5055,3,64,8.0,5.0,5000,9820
"OPPO A17k (Navy Blue, 64 GB)",4.5,5055,3,64,8.0,5.0,5000,9499
"OPPO A17k (Gold, 64 GB)",4.5,5055,3,64,8.0,5.0,5000,9499
"OPPO F21S PRO (Dawnlight Gold, 128 GB)",4.1,511,8,128,64.0,32.0,4500,21699
"OPPO Reno8 5G (Shimmer Gold, 128 GB)",4.3,37318,8,128,50.0,32.0,4500,29999
"OPPO A17K (Gold, 64 GB)",4.5,5055,3,64,8.0,5.0,5000,9349
"OPPO A15 (Mystery Blue, 32 GB)",4.3,2203,3,32,13.0,5.0,4230,11990
"OPPO A15 (Dynamic Black, 32 GB)",4.3,2203,3,32,13.0,5.0,4230,9490
"OPPO Reno8 5G (Shimmer Black, 128 GB)",4.3,37318,8,128,50.0,32.0,4500,29999
"OPPO A57 (Glowing Green, 64 GB)",4.4,3001,4,64,13.0,8.0,5000,13999
"OPPO F21s Pro 5G (Starlight Black, 128 GB)",4.2,790,8,128,64.0,16.0,4500,24497
"OPPO F21s Pro 5G (Dawnlight Gold, 128 GB)",4.2,790,8,128,64.0,16.0,4500,25388
"OPPO A57 (Glowing Black, 64 GB)",4.4,3001,4,64,13.0,8.0,5000,13999
"OPPO K10 (Blue Flame, 128 GB)",4.4,110994,6,128,50.0,16.0,5000,14990
"OPPO A77 (Sky Blue, 64 GB)",4.2,796,4,64,50.0,8.0,5000,15499
"OPPO A16E (Midnight Black, 32 GB)",4.3,916,3,32,13.0,5.0,4230,9490
"OPPO K10 (Black Carbon, 128 GB)",4.4,110994,6,128,50.0,16.0,5000,14990
"OPPO A57 (Glowing Gold, 64 GB)",4.4,3001,4,64,13.0,8.0,5000,13999
"OPPO F21s Pro (Starlight Black, 128 GB)",4.1,511,8,128,64.0,32.0,4500,20900
"OPPO A77 (Sunset Orange, 128 GB)",4.2,796,4,128,50.0,8.0,5000,15999
"OPPO A16k (Midnight Black, 32 GB)",4.3,700,3,32,13.0,5.0,4230,9990
"OPPO A77 (Sky Blue, 128 GB)",4.2,796,4,128,50.0,8.0,5000,15999
"OPPO A76 (Glowing Blue, 128 GB)",4.3,469,6,128,13.0,8.0,5000,16490
"OPPO A16E (White, 32 GB)",4.3,916,3,32,13.0,5.0,4230,9900
"OPPO A54 (Crystal Black, 64 GB)",4.4,11092,4,64,13.0,16.0,5000,13990
"OPPO A54 (Moonlight Gold, 64 GB)",4.4,11092,4,64,13.0,16.0,5000,14499
"OPPO A785G (Blue, 128 GB)",4.1,33,8,128,50.0,8.0,5000,19450
"OPPO A31 (Fantasy White, 64 GB)",4.3,22149,4,64,12.0,8.0,4230,12988
"OPPO A16 (Crystal Black, 64 GB)",4.3,4035,4,64,13.0,8.0,5000,13990
"OPPO Find N2 Flip (Moonlit Purple, 256 GB)",4.3,210,8,256,50.0,32.0,4300,89999
"OPPO F17 Pro (Matte Black, 128 GB)",4.3,28618,8,128,48.0,16.0,4015,19990
"OPPO F19s (Glowing Gold, 128 GB)",4.4,11594,6,128,48.0,16.0,5000,19990
"OPPO A16 (Pearl Blue, 64 GB)",4.3,4035,4,64,13.0,8.0,5000,13999
"OPPO A55 (Starry Black, 128 GB)",4.3,1272,4,128,50.0,16.0,5000,13999
"OPPO A53 (Mint Cream, 64 GB)",4.5,82838,4,64,13.0,16.0,5000,11990
"OPPO A3s (Red, 16 GB)",4.4,29604,2,16,13.0,8.0,4230,11990
"OPPO F19 (Prism Black, 128 GB)",4.3,28408,6,128,48.0,16.0,5000,15490
"OPPO Reno3 Pro (Midnight Black, 128 GB)",4.4,4710,8,128,64.0,44.0,4025,32990
"OPPO Reno3 Pro (Midnight Black, 256 GB)",4.4,4710,8,256,64.0,44.0,4025,35990
"OPPO Find N2 Flip (Astral Black, 256 GB)",4.3,210,8,256,50.0,32.0,4300,89999
"OPPO A15 (Mystery Blue, 32 GB)",4.0,258,2,32,13.0,5.0,4230,10990
"OPPO A3s (Purple, 16 GB)",4.4,29604,2,16,13.0,8.0,4230,11990
"OPPO K10 (Black Carbon, 128 GB)",4.3,5264,8,128,50.0,16.0,5000,16990
"OPPO A16k (Black, 32 GB)",4.3,700,3,32,13.0,5.0,4230,9490
"OPPO A33 (Moonlight Black, 32 GB)",4.4,51589,3,32,13.0,8.0,5000,10490
"OPPO A16E (Blue, 32 GB)",4.3,916,3,32,13.0,5.0,4230,9990
"OPPO A15 (Dynamic Black, 32 GB)",4.0,258,2,32,13.0,5.0,4230,9990
"OPPO A74 5G (Fantastic Purple, 128 GB)",4.3,1253,6,128,48.0,8.0,5000,19000
"OPPO K10 5G (Ocean Blue, 128 GB)",4.4,69762,8,128,48.0,8.0,5000,25999
"OPPO A33 (Mint Cream, 32 GB)",4.4,51589,3,32,13.0,8.0,5000,9090
"OPPO F7 (Black, 128 GB)",4.5,2384,6,128,16.0,25.0,3400,27990
"OPPO F7 (Red, 128 GB)",4.5,2384,6,128,16.0,25.0,3400,27990
"OPPO A74 5G BLACK (Fluid Black, 128 GB)",4.3,1887,6,128,48.0,8.0,5000,17899
"OPPO F17 Pro (Metallic White, 128 GB)",4.3,28618,8,128,48.0,16.0,4015,18999
"OPPO F17 Pro (Magic Blue, 128 GB)",4.3,28618,8,128,48.0,16.0,4015,19990
"OPPO A12 (Blue, 32 GB)",4.4,75515,3,32,13.0,5.0,4230,9990
"OPPO F7 (Black, 128 GB)",4.5,2384,6,128,16.0,25.0,3400,27990
"OPPO A31 (Mystery Black, 128 GB)",4.3,29964,6,128,12.0,8.0,4230,12149
"OPPO A31 (Lake Green, 64 GB)",4.3,22149,4,64,12.0,8.0,4230,12990
"OPPO A74 5G BLACK (Fluid Black, 128 GB)",4.3,1887,6,128,48.0,8.0,5000,17899
"OPPO F17 Pro (Magic Blue, 128 GB)",4.3,28618,8,128,48.0,16.0,4015,19990
"OPPO A1K (Black, 32 GB)",4.3,14189,2,32,8.0,5.0,4000,8090
"OPPO A74 5G (Fantastic Purple, 128 GB)",4.3,1253,6,128,48.0,8.0,5000,20980
"OPPO Reno6 5G (Aurora, 128 GB)",4.3,53573,8,128,64.0,32.0,4300,29990
"OPPO A55 (Mint Green, 128 GB)",4.3,1272,4,128,50.0,16.0,5000,13999
"OPPO F7 (Red, 128 GB)",4.5,2384,6,128,16.0,25.0,3400,27990
"OPPO A96 (Sunset Blue, 128 GB)",4.3,1081,8,128,50.0,16.0,5000,17999
"OPPO A55 (Rainbow Blue, 128 GB)",4.3,1272,4,128,50.0,16.0,5000,13999
"OPPO A12 (Blue, 64 GB)",4.4,67861,4,64,13.0,5.0,4230,10990
"OPPO A55 (Rainbow Blue, 64 GB)",4.3,1272,4,64,50.0,16.0,5000,13499
"OPPO A12 (Blue, 32 GB)",4.4,75515,3,32,13.0,5.0,4230,9990
"OPPO F17 Pro (Metallic White, 128 GB)",4.3,28618,8,128,48.0,16.0,4015,18999
"OPPO Reno5 Pro 5G (Astral Blue, 128 GB)",4.4,9706,8,128,64.0,32.0,4350,35990
"OPPO A12 (Flowing Silver, 32 GB)",4.4,75515,3,32,13.0,5.0,4230,9990
"OPPO A31 (Mystery Black, 64 GB)",4.3,22149,4,64,12.0,8.0,4230,10920
"OPPO A53 (Fairy White, 128 GB)",4.4,56140,6,128,13.0,16.0,5000,13990
"OPPO F19 Pro+ 5G (Fluid Black, 128 GB)",4.4,31683,8,128,48.0,16.0,4310,19990
"OPPO A12 (Flowing Silver, 64 GB)",4.4,67861,4,64,13.0,5.0,4230,10990
"OPPO F3 Deepika Padukone Limited Edition (Rose Gold, 64 GB)",4.3,259,4,64,13.0,16.0,3200,20990
"OPPO A55 (Starry Black, 64 GB)",4.3,1272,4,64,50.0,16.0,5000,14999
"OPPO A52 (Stream White, 128 GB)",4.5,152,8,128,12.0,16.0,5000,20990
"OPPO A52 (Twilight Black, 128 GB)",4.5,152,8,128,12.0,16.0,5000,20990
"OPPO A53s 5G (Ink Black, 128 GB)",4.4,68944,6,128,13.0,8.0,5000,15990
"OPPO A12 (Deep Blue, 64 GB)",4.4,67861,4,64,13.0,5.0,4230,10990
"OPPO A12 (Deep Blue, 32 GB)",4.4,75515,3,32,13.0,5.0,4230,9990
"OPPO A11K (Deep Blue, 32 GB)",4.2,7395,2,32,13.0,5.0,4230,8490
"OPPO A76 (Glowing Black, 128 GB)",4.3,469,6,128,13.0,8.0,5000,16490
"OPPO F19 (Midnight Blue, 128 GB)",4.3,28408,6,128,48.0,16.0,5000,15490
"OPPO A11K (Flowing Silver, 32 GB)",4.2,7395,2,32,13.0,5.0,4230,7990
"OPPO A53s 5G (Crystal Blue, 128 GB)",4.4,68944,6,128,13.0,8.0,5000,15990
"OPPO A1K (Red, 32 GB)",4.3,14189,2,32,8.0,5.0,4000,8590
"OPPO A53 (Mint Cream, 128 GB)",4.4,56140,6,128,13.0,16.0,5000,13990
"OPPO F19 Pro+ 5G (Space Silver, 128 GB)",4.4,31683,8,128,48.0,16.0,4310,19990
"OPPO Reno3 Pro (Sky White, 256 GB)",4.4,4710,8,256,64.0,44.0,4025,35990
"OPPO R17 Pro (Radiant Mist, 128 GB)",4.2,553,8,128,12.0,25.0,3700,49990
"OPPO Reno3 Pro (Auroral Blue, 128 GB)",4.4,4710,8,128,64.0,44.0,4025,32990
"OPPO Reno3 Pro (Sky White, 128 GB)",4.4,4710,8,128,64.0,44.0,4025,32990
"OPPO F5 (Black, 32 GB)",4.4,5785,4,32,16.0,20.0,3200,19990
"OPPO A 57e (Black, 64 GB)",4.1,23,4,64,13.0,8.0,5000,13989
"OPPO A5 2020 (Dazzling White, 64 GB)",4.4,3059,3,64,12.0,8.0,5000,14990
"OPPO A9 (Fluorite Purple, 128 GB)",4.4,1362,4,128,16.0,16.0,4020,16990
"Google Pixel 6a (Chalk, 128 GB)",4.3,45924,6,128,12.2,8.0,4410,31999
"Google Pixel 6a (Charcoal, 128 GB)",4.3,45924,6,128,12.2,8.0,4410,31999
"Google Pixel 7 (Snow, 128 GB)",4.4,4581,8,128,50.0,10.8,4270,56999
"Google Pixel 7 (Obsidian, 128 GB)",4.4,4581,8,128,50.0,10.8,4270,56999
"Google Pixel 7 (Lemongrass, 128 GB)",4.4,4581,8,128,50.0,10.8,4270,56999
"Google Pixel 7a (Charcoal, 128 GB)",4.0,1994,8,128,64.0,13.0,4300,43999
"Google Pixel 7a (Sea, 128 GB)",4.0,1994,8,128,64.0,13.0,4300,43999
"Google Pixel 7a (Snow, 128 GB)",4.0,1994,8,128,64.0,13.0,4300,43999
"Google Pixel 7 Pro (Obsidian, 128 GB)",4.4,2642,12,128,50.0,10.8,4926,84999
"Google Pixel 7 Pro (Snow, 128 GB)",4.4,2642,12,128,50.0,10.8,4926,84999
"Google Pixel 7 Pro (Hazel, 128 GB)",4.4,2642,12,128,50.0,10.8,4926,84999
"Google Pixel 7 Smartphone (Obsidian, 128 GB)",0.0,0,8,128,50.0,10.8,4270,54499
"Google Pixel 7 Pro Mobile (Snow, 128 GB)",0.0,0,12,128,50.0,10.8,4926,79999
"Google Pixel 7 Smartphone (Snow, 128 GB)",0.0,0,8,128,50.0,10.8,4270,54999
"Google Pixel 3 (Not Pink, 128 GB)",4.5,1457,4,128,12.2,8.0,2915,80000
"vivo T2x 5G (Aurora Gold, 128 GB)",4.4,9674,8,128,50.0,8.0,5000,15999
"vivo T2x 5G (Aurora Gold, 128 GB)",4.4,40179,6,128,50.0,8.0,5000,13999
"vivo T2x 5G (Marine Blue, 128 GB)",4.4,9674,8,128,50.0,8.0,5000,15999
"vivo T2x 5G (Glimmer Black, 128 GB)",4.4,40179,6,128,50.0,8.0,5000,13999
"vivo T2x 5G (Glimmer Black, 128 GB)",4.4,9674,8,128,50.0,8.0,5000,15999
"vivo T2x 5G (Marine Blue, 128 GB)",4.4,40179,6,128,50.0,8.0,5000,13999
"vivo T2x 5G (Marine Blue, 128 GB)",4.5,22528,4,128,50.0,8.0,5000,12999
"vivo T2x 5G (Aurora Gold, 128 GB)",4.5,22528,4,128,50.0,8.0,5000,12999
"vivo T2x 5G (Glimmer Black, 128 GB)",4.5,22528,4,128,50.0,8.0,5000,12999
"vivo T2 5G (Velocity Wave, 128 GB)",4.4,4264,8,128,64.0,16.0,4500,20999
"vivo T2 5G (Nitro Blaze, 128 GB)",4.4,4264,8,128,64.0,16.0,4500,20999
"vivo T2 5G (Velocity Wave, 128 GB)",4.5,22618,6,128,64.0,16.0,4500,18999
"vivo T2 5G (Nitro Blaze, 128 GB)",4.5,22618,6,128,64.0,16.0,4500,18999
"vivo T1 44W (Ice Dawn, 128 GB)",4.3,6963,8,128,50.0,16.0,5000,17999
"vivo T1 44W (Midnight Galaxy, 128 GB)",4.3,6963,8,128,50.0,16.0,5000,17999
"vivo T1 44W (Ice Dawn, 128 GB)",4.4,61172,6,128,50.0,16.0,5000,15999
"vivo T1 44W (Midnight Galaxy, 128 GB)",4.4,61172,6,128,50.0,16.0,5000,15999
"vivo T1 44W (Starry Sky, 128 GB)",4.4,61172,6,128,50.0,16.0,5000,15999
"vivo T1 44W (Midnight Galaxy, 128 GB)",4.5,106943,4,128,50.0,16.0,5000,14499
"vivo T1 44W (Starry Sky, 128 GB)",4.5,106943,4,128,50.0,16.0,5000,14499
"vivo T1 44W (Starry Sky, 128 GB)",4.3,6963,8,128,50.0,16.0,5000,17999
"vivo V27 5G (Magic Blue, 128 GB)",4.4,13774,8,128,50.0,50.0,4600,32999
"vivo V27 5G (Noble Black, 128 GB)",4.4,13774,8,128,50.0,50.0,4600,32999
"vivo Y16 (Steller Black, 128 GB)",4.3,2702,4,128,13.0,5.0,5000,12999
"vivo Y16 (Drizzling Gold, 64 GB)",4.3,2483,3,64,13.0,5.0,5000,10499
"vivo Y35 (Dawn Gold, 128 GB)",4.4,3153,8,128,50.0,16.0,5000,16999
"vivo Y35 (Agate Black, 128 GB)",4.4,3153,8,128,50.0,16.0,5000,16999
"vivo Y16 (Steller Black, 64 GB)",4.3,2702,4,64,13.0,5.0,5000,11999
"vivo Y16 (Steller Black, 64 GB)",4.3,2483,3,64,13.0,5.0,5000,10999
"vivo Y12G (Phantom Black, 64 GB)",4.3,4622,3,64,13.0,8.0,5000,11218
"vivo Y16 (Drizzling Gold, 128 GB)",4.3,2702,4,128,13.0,5.0,5000,12999
"vivo V25 5G (Surfing Blue, 256 GB)",4.3,1651,12,256,64.0,50.0,4500,31999
"vivo V23 5G (Stardust Black, 256 GB)",4.3,3359,12,256,64.0,50.0,4200,28215
"vivo Y16 (Drizzling Gold, 128 GB)",4.3,2702,4,128,13.0,5.0,5000,12868
"vivo Y16 (Drizzling Gold, 64 GB)",4.3,2702,4,64,13.0,5.0,5000,11999
"vivo V25 5G (Surfing Blue, 128 GB)",4.3,7628,8,128,64.0,50.0,4500,25990
"vivo V25 5G (Elegant Black, 128 GB)",4.3,7628,8,128,64.0,50.0,4500,27999
"vivo Y33s (Midday Dream, 128 GB)",4.3,12835,8,128,50.0,16.0,5000,17899
"vivo Y16 (Stellar Black, 128 GB)",4.3,2702,4,128,13.0,5.0,5000,12890
"vivo V27 5G (Magic Blue, 256 GB)",4.4,1897,12,256,50.0,50.0,4600,36999
"vivo Y16 (Steller Black, 32 GB)",4.3,2483,3,32,13.0,5.0,5000,10989
"vivo Y16 (Drizzling Gold, 32 GB)",4.3,2483,3,32,13.0,5.0,5000,10989
"vivo Y56 5G (Black Engine, 128 GB)",4.2,1100,8,128,50.0,16.0,5000,19999
"vivo V23 5G (Stardust Black, 128 GB)",4.4,26425,8,128,64.0,50.0,4200,28485
"vivo Y1s (Aurora Blue, 32 GB)",4.3,1794,3,32,13.0,5.0,4030,9989
"vivo Y56 5G (Orange Shimmer, 128 GB)",4.2,1100,8,128,50.0,16.0,5000,19999
"vivo Y56 5G (Black Engine, 128 GB)",4.3,86,4,128,50.0,16.0,5000,17999
"vivo Y100 5G (Pacific Blue, 128 GB)",4.3,1326,8,128,64.0,16.0,4500,23999
"vivo Y100 5G (Twilight Gold, 128 GB)",4.3,1326,8,128,64.0,16.0,4500,23999
"vivo T1 Pro 5G (Turbo Black, 128 GB)",4.4,19641,8,128,64.0,16.0,4700,24999
"vivo Y73 (Roman Black, 128 GB)",4.4,10127,8,128,64.0,16.0,4000,17690
"vivo V23 5G (Sunshine Gold, 128 GB)",4.4,26425,8,128,64.0,50.0,4200,31989
"vivo Y75 (Dancing waves, 128 GB)",4.3,2698,8,128,50.0,44.0,4050,19990
"vivo Y56 5G (Orange Shimmer, 128 GB)",4.3,86,4,128,50.0,16.0,5000,17999
"vivo T1 Pro 5G (Turbo Cyan, 128 GB)",4.4,19641,8,128,64.0,16.0,4700,24999
"vivo T1 Pro 5G (Turbo Black, 128 GB)",4.4,8984,6,128,64.0,16.0,4700,23999
"vivo Y33s (Mirror Black, 128 GB)",4.3,12835,8,128,50.0,16.0,5000,15999
"vivo X90 (Asteroid Black, 256 GB)",4.3,109,12,256,50.0,32.0,4810,63999
"vivo V25 5G (Elegant Black, 256 GB)",4.3,1651,12,256,64.0,50.0,4500,29490
"vivo Y100A (Twilight Gold, 256 GB)",4.3,27,8,256,64.0,16.0,4500,25999
"vivo Y100A (Metal Black, 256 GB)",4.3,27,8,256,64.0,16.0,4500,25999
"vivo Y21G (Diamond Glow, 64 GB)",4.3,2304,4,64,13.0,8.0,5000,17990
"vivo X90 (Breeze Blue, 256 GB)",4.5,313,8,256,50.0,32.0,4810,59999
"vivo Y21T (Pearl White, 128 GB)",4.4,1727,4,128,50.0,8.0,5000,15499
"vivo Y73 (Diamond Flare, 128 GB)",4.4,10127,8,128,64.0,16.0,4000,19990
"vivo X90 (Breeze Blue, 256 GB)",4.3,109,12,256,50.0,32.0,4810,63999
"vivo V27 Pro 5G (Magic Blue, 256 GB)",4.5,881,12,256,50.0,50.0,4600,42999
"vivo V25 Pro 5G (Pure Black, 256 GB)",4.3,1126,12,256,64.0,32.0,4830,31185
"vivo X90 (Asteroid Black, 256 GB)",4.5,313,8,256,50.0,32.0,4810,59999
"vivo Y21T (Midnight Blue, 128 GB)",4.4,1727,4,128,50.0,8.0,5000,15499
"vivo V23e 5G (Sunshine Gold, 128 GB)",4.2,2440,8,128,50.0,44.0,4050,24990
"vivo T1 Pro 5G (Turbo Cyan, 128 GB)",4.4,8984,6,128,64.0,16.0,4700,23999
"vivo Y565G (Orange Shimmer, 128 GB)",4.4,426,8,128,50.0,16.0,5000,19979
"vivo Y22 (Starlit Blue, 128 GB)",4.3,1320,6,128,50.0,8.0,5000,19990
"vivo V23e 5G (Midnight Blue, 128 GB)",4.2,2440,8,128,50.0,44.0,4050,24899
"vivo V25 Pro 5G (Sailing Blue, 256 GB)",4.3,1126,12,256,64.0,32.0,4830,33890
"vivo V25 Pro 5G (Sailing Blue, 128 GB)",4.3,6743,8,128,64.0,32.0,4830,35999
"vivo Y565G (Black Engine, 128 GB)",4.4,426,8,128,50.0,16.0,5000,19989
"vivo V27 Pro 5G (Noble Black, 256 GB)",4.4,5070,8,256,50.0,50.0,4600,39999
"vivo Y21G (Midnight Blue, 64 GB)",4.3,2304,4,64,13.0,8.0,5000,13980
"vivo Y100 5G (Metal Black, 128 GB)",4.3,1326,8,128,64.0,16.0,4500,25499
"vivo V25 Pro 5G (Pure Black, 128 GB)",4.3,6743,8,128,64.0,32.0,4830,35999
"vivo V27 5G (Noble Black, 256 GB)",4.4,1897,12,256,50.0,50.0,4600,36999
"vivo V27 Pro 5G (Magic Blue, 256 GB)",4.4,5070,8,256,50.0,50.0,4600,39999
"vivo V27 Pro 5G (Magic Blue, 128 GB)",4.4,5070,8,128,50.0,50.0,4600,37999
"vivo V27 Pro 5G (Noble Black, 128 GB)",4.4,5070,8,128,50.0,50.0,4600,37999
"vivo V21 5G (Dusk Blue, 128 GB)",4.3,17455,8,128,64.0,44.0,4000,27990
"vivo V21 5G (Sunset Dazzle, 128 GB)",4.3,17455,8,128,64.0,44.0,4000,27990
"vivo X90 Pro (Legendary Black, 256 GB)",4.4,220,12,256,50.0,32.0,4870,84999
"vivo Y22 (Metaverse Green, 128 GB)",4.3,1320,6,128,50.0,8.0,5000,19990
"vivo Y22 (Metaverse Green, 64 GB)",4.3,1367,4,64,50.0,8.0,5000,17990
"vivo Y22 (Starlit Blue, 64 GB)",4.3,1367,4,64,50.0,8.0,5000,17990
"vivo T1 5G (Rainbow Fantasy, 128 GB)",4.3,17707,8,128,50.0,16.0,5000,19990
"vivo Y22 (Starlit Blue, 128 GB)",4.3,1367,4,128,50.0,8.0,5000,14999
"vivo T1X (Gravity Black, 64 GB)",4.5,92258,4,64,50.0,8.0,5000,16990
"vivo T1X (Space Blue, 64 GB)",4.5,92258,4,64,50.0,8.0,5000,16990
"vivo T1X (Space Blue, 128 GB)",4.4,5319,6,128,50.0,8.0,5000,14999
"vivo T1X (Gravity Black, 128 GB)",4.4,5319,6,128,50.0,8.0,5000,14999
"vivo T1X (Space Blue, 128 GB)",4.5,92258,4,128,50.0,8.0,5000,12999
"vivo Y73 (Roman Black, 128 GB)",4.4,10127,8,128,64.0,16.0,4000,22000
"vivo Y01 (Elegant Black, 32 GB)",4.2,1609,2,32,8.0,5.0,5000,7999
"vivo T1 44W (Ice Dawn, 128 GB)",4.5,106943,4,128,50.0,16.0,5000,14499
"vivo Y12G (Glacier Blue, 32 GB)",4.3,4622,3,32,13.0,8.0,5000,10499
"vivo V23 5G (Sunshine Gold, 256 GB)",4.3,3359,12,256,64.0,50.0,4200,34990
"vivo Y12G (Glacier Blue, 64 GB)",4.3,4622,3,64,13.0,8.0,5000,11899
"vivo Y1s (Olive Black, 32 GB)",4.3,1794,3,32,13.0,5.0,4030,9490
"vivo Y75 (Moonlight Shadow, 128 GB)",4.3,2698,8,128,50.0,44.0,4050,16988
"vivo Y20T (Purist Blue, 64 GB)",4.3,2531,6,64,13.0,8.0,5000,14640
"vivo V21 5G (Dusk Blue, 256 GB)",4.3,17455,8,256,64.0,44.0,4000,25999
"vivo T1 5G (Starlight Black, 128 GB)",4.4,175223,6,128,50.0,16.0,5000,16990
"vivo T1 5G (Rainbow Fantasy, 128 GB)",4.3,67447,4,128,50.0,16.0,5000,15990
"vivo T1 5G (Starlight Black, 128 GB)",4.3,67447,4,128,50.0,16.0,5000,15990
"vivo T1 5G (Silky White, 128 GB)",4.3,67447,4,128,50.0,16.0,5000,15990
"vivo Y20T (Obsidian Black, 64 GB)",4.3,2531,6,64,13.0,8.0,5000,15490
"vivo Y75 5G (Glowing Galaxy, 128 GB)",4.4,1370,8,128,50.0,16.0,5000,21990
"vivo T1 5G (Silky White, 128 GB)",4.4,175223,6,128,50.0,16.0,5000,16990
"vivo Y75 5G (Starlight Black, 128 GB)",4.4,1370,8,128,50.0,16.0,5000,21990
"vivo Y100A (Pacific Blue, 256 GB)",4.3,27,8,256,64.0,16.0,4500,25990
"vivo V21 5G (Sunset Dazzle, 256 GB)",4.3,17455,8,256,64.0,44.0,4000,30990
"vivo Y22 (Starlit Blue, 128 GB)",4.3,1367,4,128,50.0,8.0,5000,14990
"vivo Y12G (Phantom Black, 32 GB)",4.3,4622,3,32,13.0,8.0,5000,10990
"vivo Y02 (Cosmic Grey, 32 GB)",4.3,542,3,32,8.0,5.0,5000,12999
"vivo Y15c (Wave Green, 32 GB)",4.2,1405,3,32,13.0,8.0,5000,11490
"vivo Y22 (Metaverse Green, 128 GB)",4.3,1367,4,128,50.0,8.0,5000,14889
"vivo Y15c (Wave Green, 64 GB)",4.2,1405,3,64,13.0,8.0,5000,11699
"vivo Y02 (Orchid Blue, 32 GB)",4.3,542,3,32,8.0,5.0,5000,12999
"vivo Y20G (Obsidian Black, 128 GB)",4.3,6342,6,128,13.0,8.0,5000,17499
"vivo Y15s (Wave Green, 32 GB)",4.3,4402,3,32,13.0,8.0,5000,9499
"vivo V25 Pro 5G (sailing blue, 128 GB)",4.3,6743,8,128,64.0,32.0,4830,28990
"vivo Y15c (Mystic Blue, 32 GB)",4.2,1405,3,32,13.0,8.0,5000,11390
"vivo X60 (Midnight Black, 256 GB)",4.4,1077,12,256,48.0,32.0,4300,46990
"vivo Y91i (Ocean Blue, 32 GB)",4.3,43082,2,32,13.0,5.0,4030,9990
"vivo X60 (Midnight Black, 128 GB)",4.4,3957,8,128,48.0,32.0,4300,37999
"vivo X60 (Shimmer Blue, 128 GB)",4.4,3957,8,128,48.0,32.0,4300,37990
"vivo V23 Pro 5G (Stardust Black, 128 GB)",4.3,3848,8,128,108.0,50.0,4300,38990
"vivo V23 Pro 5G (Stardust Black, 256 GB)",4.2,1580,12,256,108.0,50.0,4300,43990
"vivo X70 Pro (Aurora Dawn, 256 GB)",4.4,970,12,256,50.0,32.0,4450,47990
"vivo V27 5G (Noble Black, 256 GB)",4.4,1897,12,256,50.0,50.0,4600,39998
"vivo Y21 (Diamond Glow, 64 GB)",4.3,14939,4,64,13.0,8.0,5000,17449
"vivo X70 Pro (Cosmic Black, 256 GB)",4.4,970,12,256,50.0,32.0,4450,50990
"vivo X70 Pro (Cosmic Black, 256 GB)",4.4,970,12,256,50.0,32.0,4450,50990
"vivo X70 Pro (Cosmic Black, 256 GB)",4.5,3791,8,256,50.0,32.0,4450,46990
"vivo X70 Pro (Cosmic Black, 128 GB)",4.5,3791,8,128,50.0,32.0,4450,44990
"vivo V27 5G (Noble Black, 256 GB)",4.4,1897,12,256,50.0,50.0,4600,36999
"vivo Y100 A 5G (Twilight Gold, 256 GB)",3.7,9,8,256,64.0,16.0,4500,26990
"vivo T1X (Gravity Black, 128 GB)",4.5,92258,4,128,50.0,8.0,5000,16999
"vivo Y30 (Emerald Black, 128 GB)",4.3,14249,4,128,13.0,8.0,5000,18990
"vivo Y20i (Dawn White, 64 GB)",4.4,10887,3,64,13.0,8.0,5000,13499
"vivo V11 (Starry Night Black, 64 GB)",4.5,17911,6,64,16.0,25.0,3315,24990
"vivo Y100 A 5G (Metal Black, 256 GB)",3.7,9,8,256,64.0,16.0,4500,26499
"vivo X70 Pro (Aurora Dawn, 128 GB)",4.5,3791,8,128,50.0,32.0,4450,43990
"vivo X70 Pro (Aurora Dawn, 256 GB)",4.5,3791,8,256,50.0,32.0,4450,48990
"vivo Y100 A 5G (Pacific Blue, 256 GB)",3.7,9,8,256,64.0,16.0,4500,27700
"vivo U10 (Electric Blue, 32 GB)",4.4,44968,3,32,13.0,8.0,5000,10990
"vivo U10 (Thunder Black, 32 GB)",4.4,44968,3,32,13.0,8.0,5000,10990
"vivo V25 pro (Sailing Blue, 128 GB)",0.0,0,8,128,64.0,32.0,4830,28990
"vivo X80 (Urban Blue, 128 GB)",4.5,841,8,128,50.0,32.0,4500,54999
"vivo Z1Pro (Mirror Black, 64 GB)",4.5,360377,4,64,16.0,32.0,5000,15990
"vivo U10 (Electric Blue, 64 GB)",4.4,44968,3,64,13.0,8.0,5000,10999
"vivo X21 (Black, 128 GB)",4.3,1897,6,128,12.0,12.0,3200,36990
"vivo X80 (Cosmic Black, 128 GB)",4.5,841,8,128,50.0,32.0,4500,54999
"vivo V7+ (Gold, 64 GB)",4.4,17528,4,64,16.0,24.0,3225,22221
"vivo V21 5G (Arctic White, 128 GB)",4.3,17455,8,128,64.0,44.0,4000,27990
"vivo V9 Youth (Black, 32 GB)",4.4,26963,4,32,16.0,16.0,3260,19990
"vivo Y69 (Gold, 32 GB)",4.3,5648,3,32,13.0,16.0,3000,14990
"vivo Y02t (Sunset Gold, 64 GB)",4.3,42,4,64,8.0,5.0,5000,9999
"vivo Y91 (Nebula Purple, 32 GB)",4.4,16017,3,32,13.0,8.0,4030,10990
"vivo X70 Pro (Aurora Dawn, 256 GB)",4.5,3791,8,256,50.0,32.0,4450,48990
"vivo Y81 (Black, 32 GB)",4.4,51306,3,32,13.0,5.0,3260,13990
"vivo X80 (Urban Blue, 128 GB)",4.5,841,8,128,50.0,32.0,4500,54999
"vivo V9 (Sapphire Blue, 64 GB)",4.5,90513,4,64,16.0,24.0,3260,23990
"vivo V17 (Glacier ice white, 128 GB)",4.5,8601,8,128,48.0,32.0,4500,27990
"vivo V9 (Pearl Black, 64 GB)",4.5,90513,4,64,16.0,24.0,3260,23990
"vivo V17 (Midnight Ocean Black, 128 GB)",4.5,8601,8,128,48.0,32.0,4500,27990
"vivo V15 Pro (Topaz Blue, 128 GB)",4.5,31254,6,128,48.0,32.0,3700,32990
"vivo V19 (Mystic Silver, 128 GB)",4.4,13534,8,128,48.0,32.0,4500,30990
"vivo X80 (Cosmic Black, 128 GB)",4.5,841,8,128,50.0,32.0,4500,54999
"vivo Y33T (Mid day dream, 128 GB)",4.4,2742,8,128,50.0,16.0,5000,17989
"vivo T1 5G (Silky White, 128 GB)",4.4,175223,6,128,50.0,16.0,5000,16990
"vivo Y75 5G (Starlight Black, 128 GB)",4.4,1370,8,128,50.0,16.0,5000,21990
"vivo V21 5G (Dusk Blue, 256 GB)",4.3,17455,8,256,64.0,44.0,4000,30990
"vivo V21 5G (Neon Spark, 128 GB)",4.3,17455,8,128,64.0,44.0,4000,27990
"vivo T1 5G (Rainbow Fantasy, 128 GB)",4.4,175223,6,128,50.0,16.0,5000,16990
"vivo Y20T (Obsidian Black, 64 GB)",4.3,2531,6,64,13.0,8.0,5000,15490
"vivo Y21 (Midnight Blue, 128 GB)",4.3,14939,4,128,13.0,8.0,5000,13499
"vivo Y21 (Diamond Glow, 128 GB)",4.3,14939,4,128,13.0,8.0,5000,13499
"vivo V23 Pro 5G (Sunshine Gold, 128 GB)",4.3,3848,8,128,108.0,50.0,4300,38990
"vivo Y31 (Racing Black, 128 GB)",4.4,8666,6,128,48.0,16.0,5000,15990
"vivo Y31 (Ocean Blue, 128 GB)",4.4,8666,6,128,48.0,16.0,5000,16290
"vivo Y12s (Glacier Blue, 32 GB)",4.3,16283,3,32,13.0,8.0,5000,9990
"vivo Y12s (Phantom Black, 32 GB)",4.3,16283,3,32,13.0,8.0,5000,9990
"vivo Y21 (Midnight Blue, 64 GB)",4.3,14939,4,64,13.0,8.0,5000,14499
"vivo V23 Pro 5G (Sunshine Gold, 256 GB)",4.2,1580,12,256,108.0,50.0,4300,43990
"vivo Y91i (Fusion Black, 32 GB)",4.3,43082,2,32,13.0,5.0,4030,7990
"vivo X60 (Shimmer Blue, 256 GB)",4.4,1077,12,256,48.0,32.0,4300,36600
"vivo Y20i (Nebula Blue, 64 GB)",4.4,10887,3,64,13.0,8.0,5000,9999
"vivo Y20A (Dawn White, 64 GB)",4.3,1912,3,64,13.0,8.0,5000,10990
"vivo Y53s (Deep Sea Blue, 128 GB)",4.3,19513,8,128,64.0,16.0,5000,20990
"vivo T1X (DIAMOND GLOW, 128 GB)",4.5,92258,4,128,50.0,8.0,5000,15495
"vivo V21e (Sunset Jazz, 128 GB)",4.3,8006,8,128,64.0,32.0,4000,24990
"vivo V21e (Dark Pearl, 128 GB)",4.3,8006,8,128,64.0,32.0,4000,23999
"vivo X60 Pro+ (Emperor Blue, 256 GB)",4.5,357,12,256,50.0,32.0,4200,64990
"vivo U10 (Electric Blue, 64 GB)",4.4,5623,4,64,13.0,8.0,5000,13990
"vivo Y51A (Crystal Symphony, 128 GB)",4.3,10554,8,128,48.0,16.0,5000,17990
"vivo Y51A (Titanium Sapphire, 128 GB)",4.3,10554,8,128,48.0,16.0,5000,18490
"vivo Y51A (Titanium Sapphire, 128 GB)",4.3,3241,6,128,48.0,16.0,5000,16990
"Nothing Phone (1) (White, 256 GB)",4.4,69103,8,256,50.0,16.0,4500,32499
"Nothing Phone (1) (Black, 256 GB)",4.4,69103,8,256,50.0,16.0,4500,31999
"Nothing Phone (1) (Black, 128 GB)",4.4,69103,8,128,50.0,16.0,4500,29999
"Nothing Phone (1) (White, 256 GB)",4.3,7163,12,256,50.0,16.0,4500,35999
"Nothing Phone (1) (Black, 256 GB)",4.3,7163,12,256,50.0,16.0,4500,35999
"Mi 10T (Cosmic Black, 128 GB)",4.2,4034,6,128,64.0,20.0,5000,23990
"Mi 11 Lite (Vinyl Black, 128 GB)",4.2,6098,8,128,64.0,16.0,4250,18999
"Mi 11 Lite (Jazz Blue, 128 GB)",4.2,6098,8,128,64.0,16.0,4250,18999
"Xiaomi 11i Hypercharge 5G (Stealth Black, 128 GB)",4.2,12062,6,128,108.0,16.0,4500,23999
"Redmi Note 6 Pro (Black, 64 GB)",4.5,626254,4,64,12.0,20.0,4000,15999
"Redmi Note 6 Pro (Red, 64 GB)",4.5,626254,4,64,12.0,20.0,4000,15999
"Redmi Go (Black, 8 GB)",4.3,167942,1,8,8.0,5.0,3000,5999
"Redmi Note 6 Pro (Rose Gold, 64 GB)",4.5,127672,6,64,12.0,20.0,4000,17999
"Redmi Note 6 Pro (Red, 64 GB)",4.5,127672,6,64,12.0,20.0,4000,17999
"Redmi Go (Blue, 16 GB)",4.3,167942,1,16,8.0,5.0,3000,5999
"Mi 11 Lite (Vinyl Black, 128 GB)",4.2,13149,6,128,64.0,16.0,4250,18985
"Mi 10T (Lunar Silver, 128 GB)",4.1,3657,8,128,64.0,20.0,5000,24996
"Mi 11X (Cosmic Black, 128 GB)",4.2,2930,6,128,48.0,20.0,4520,22990
"Mi A3 (Not just Blue, 128 GB)",4.2,15294,6,128,48.0,32.0,4030,16599
"Mi 11X Pro 5G (Celestial Silver, 128 GB)",3.9,504,8,128,108.0,20.0,4520,34999
"Mi 10T (Cosmic Black, 128 GB)",4.1,3657,8,128,64.0,20.0,5000,37999
"Xiaomi 11i 5G (Purple Mist, 128 GB)",4.2,21766,8,128,108.0,16.0,5160,26999
"Xiaomi 11Lite NE (Diamond Dazzle, 128 GB)",4.2,3576,6,128,64.0,20.0,4250,24990
"Mi 11X Pro 5G (Lunar White, 128 GB)",3.9,504,8,128,108.0,20.0,4520,28799
"Redmi Go (Black, 16 GB)",4.3,167942,1,16,8.0,5.0,3000,5999
"Mi 11X (Celestial Silver, 128 GB)",4.2,2433,8,128,48.0,20.0,4520,32990
"Mi 11X (Cosmic Black, 128 GB)",4.2,2433,8,128,48.0,20.0,4520,34499
"Mi 11X (Lunar White, 128 GB)",4.2,2433,8,128,48.0,20.0,4520,25990
"Mi 11X (Lunar White, 128 GB)",4.2,2930,6,128,48.0,20.0,4520,24999
"Redmi Note 7S (Sapphire Blue, 64 GB)",4.4,422922,4,64,48.0,13.0,4000,13999
"Mi 10T Pro (Cosmic Black, 128 GB)",4.2,3688,8,128,108.0,20.0,5000,38849
"Redmi Y2 (Dark Grey, 64 GB)",4.4,27509,4,64,12.0,16.0,3080,13600
"Redmi 8A (Sunset Red, 32 GB)",4.4,161893,2,32,12.0,8.0,5000,7999
"Xiaomi 11Lite NE (Jazz Blue, 128 GB)",4.2,1777,8,128,64.0,20.0,4250,26999
"Redmi 9A (Nature Green, 32 GB)",4.3,14942,3,32,13.0,5.0,5000,9399
"Redmi 8A Dual (Midnight Grey, 32 GB)",4.2,18404,3,32,13.0,8.0,5000,8999
"Redmi 7A (Matte Blue, 32 GB)",4.3,389715,2,32,12.0,5.0,4000,6999
"Redmi Go (Blue, 8 GB)",4.3,167942,1,8,8.0,5.0,3000,5999
"Redmi 4A (Gold, 32 GB)",4.4,210232,3,32,13.0,5.0,3120,6999
"Redmi K20 (Carbon Black, 64 GB)",4.5,51408,6,64,48.0,20.0,4000,22999
"Redmi 6 (Gold, 32 GB)",4.4,560071,3,32,12.0,5.0,3000,8999
"Redmi Note 7 (Ruby Red, 32 GB)",4.4,132463,3,32,12.0,13.0,4000,12999
"Redmi K20 (Flame Red, 64 GB)",4.5,51408,6,64,48.0,20.0,4000,22999
"Mi A3 (Not just Blue, 64 GB)",4.3,38829,4,64,48.0,32.0,4030,14999
"Redmi 6A (Rose Gold, 16 GB)",4.3,57356,2,16,13.0,5.0,3000,6485
"Mi 11 Lite (Tuscany Coral, 128 GB)",4.2,13149,6,128,64.0,16.0,4250,21999
"Mi 11 Lite (Tuscany Coral, 128 GB)",4.2,6098,8,128,64.0,16.0,4250,18999
"Xiaomi 11i 5G (Pacific Pearl, 128 GB)",4.2,38416,6,128,108.0,16.0,5160,24999
"10A (Black, 64 GB)",4.8,6,4,64,13.0,5.0,5000,9999
"Redmi 7 (Comet Blue, 32 GB)",4.4,6775,3,32,12.0,8.0,4000,8999
"Redmi 7 (Eclipse Black, 32 GB)",4.4,6775,3,32,12.0,8.0,4000,8799
"Xiaomi 11Lite NE (Jazz Blue, 128 GB)",4.2,3576,6,128,64.0,20.0,4250,21499
"Xiaomi 11Lite NE (Tuscany Coral, 128 GB)",4.2,3576,6,128,64.0,20.0,4250,22500
"Redmi 6A (Blue, 16 GB)",4.3,57356,2,16,13.0,5.0,3000,6495
"Xiaomi 11Lite NE (Tuscany Coral, 128 GB)",4.2,1777,8,128,64.0,20.0,4250,22800
"Xiaomi 11i 5G (Stealth Black, 128 GB)",4.2,38416,6,128,108.0,16.0,5160,24999
"Redmi 1S (Metal Gray, 8 GB)",4.3,84727,1,8,8.0,1.6,2000,5999
"Redmi Note 4 (Dark Grey, 32 GB)",4.4,642389,3,32,13.0,5.0,4100,10649
"Xiaomi 11Lite NE (Vinyl Black, 128 GB)",4.2,1777,8,128,64.0,20.0,4250,22990
"Redmi Note 7S (Sapphire Blue, 32 GB)",4.4,305360,3,32,48.0,13.0,4000,11999
"Redmi K20 (Pearl White, 64 GB)",4.5,51408,6,64,48.0,20.0,4000,22999
"Redmi 9A (Midnight Black, 32 GB)",4.3,14942,3,32,13.0,5.0,5000,7079
"Redmi 8A (Midnight Black, 32 GB)",4.4,140849,3,32,12.0,8.0,5000,8999
"Redmi 3S (Silver, 16 GB)",4.3,211167,2,16,13.0,5.0,4100,6999
"Redmi 3S (Gold, 16 GB)",4.3,211167,2,16,13.0,5.0,4100,6999
"Mi Max (Gold, 32 GB)",4.3,18759,3,32,16.0,5.0,4850,14999
"Redmi 9A (Sea Blue, 32 GB)",4.3,14942,3,32,13.0,5.0,5000,7290
"Mi 5 (Gold, 32 GB)",4.3,19285,3,32,16.0,4.0,3000,24999
"Mi Max (Silver, 32 GB)",4.3,18759,3,32,16.0,5.0,4850,14999
"Redmi 3S (Dark Grey, 16 GB)",4.3,211167,2,16,13.0,5.0,4100,6999
"Mi Max (Dark Grey, 32 GB)",4.3,18759,3,32,16.0,5.0,4850,14999
"Mi 5 (White, 32 GB)",4.3,19285,3,32,16.0,4.0,3000,24999
"Mi Max (Gold, 32 GB)",4.3,18759,3,32,16.0,5.0,4850,14999
"Mi 4i (Blue, 16 GB)",4.2,80951,2,16,13.0,5.0,3030,12999
"Xiaomi 11i 5G (Purple Mist, 128 GB)",4.2,38416,6,128,108.0,16.0,5160,24999
"Redmi K20 Pro (Pearl White, 256 GB)",4.5,15363,8,256,48.0,20.0,4000,31999
"Mi Max (Silver, 32 GB)",4.3,18759,3,32,16.0,5.0,4850,14999
"Xiaomi 11i Hypercharge 5G (Purple Mist, 128 GB)",4.2,6800,8,128,108.0,16.0,4500,28999
"Mi 5 (Gold, 32 GB)",4.3,19285,3,32,16.0,4.0,3000,24999
"Redmi 8A (Sunset Red, 32 GB)",4.4,140849,3,32,12.0,8.0,5000,7990
"Redmi 8A Dual (Sky White, 64 GB)",4.2,18404,3,64,13.0,8.0,5000,9999
"Mi 5 (Black, 32 GB)",4.3,19285,3,32,16.0,4.0,3000,24999
"Redmi Y2 (Blue, 64 GB)",4.4,27509,4,64,12.0,16.0,3080,10999
"Redmi Note 5 (Blue, 64 GB)",4.4,358472,4,64,12.0,5.0,4000,11999
"Redmi K20 Pro (Carbon Black, 256 GB)",4.5,15363,8,256,48.0,20.0,4000,31999
"Mi 4i (Grey, 32 GB)",4.2,80951,2,32,13.0,5.0,3120,14999
"Mi A2 (Red, 64 GB)",4.2,34860,4,64,20.0,20.0,3010,17499
"Mi 10i (Midnight Black, 64 GB)",4.3,3019,6,64,108.0,16.0,4820,23999
"Mi A2 (Rose Gold, 64 GB)",4.2,34860,4,64,20.0,20.0,3010,17499
"Mi 4i (Yellow, 16 GB)",4.2,80951,2,16,13.0,5.0,3030,12999
"Redmi Y2 (Rose Gold, 64 GB)",4.4,27509,4,64,12.0,16.0,3080,13499
"Redmi 4A (Dark Grey, 32 GB)",4.4,210232,3,32,13.0,5.0,3120,6999
"Redmi 7A (Matte Black, 16 GB)",4.3,389715,2,16,12.0,5.0,4000,6499
"Mi A3 (More Than White, 128 GB)",4.2,15294,6,128,48.0,32.0,4030,17499
"Redmi 6 (Gold, 64 GB)",4.4,560071,3,64,12.0,5.0,3000,10499
"Redmi 7A (Matte Gold, 16 GB)",4.3,389715,2,16,12.0,5.0,4000,6499
"Redmi 7A (Matte Gold, 32 GB)",4.3,389715,2,32,12.0,5.0,4000,6999
"Redmi 7A (Matte Black, 32 GB)",4.3,389715,2,32,12.0,5.0,4000,6999
"Redmi K20 Pro (Flame Red, 256 GB)",4.5,15363,8,256,48.0,20.0,4000,31999
"Redmi Note 7S (Onyx Black, 64 GB)",4.4,422922,4,64,48.0,13.0,4000,13999
"Mi 11 Lite (Jazz Blue, 128 GB)",4.2,13149,6,128,64.0,16.0,4250,21999
"Redmi Note 6 Pro (Black, 64 GB)",4.5,127672,6,64,12.0,20.0,4000,17999
"Redmi 3S Prime (Gold, 32 GB)",4.3,475922,3,32,13.0,5.0,4100,8999
"Redmi 6 (Blue, 64 GB)",4.4,560071,3,64,12.0,5.0,3000,10499
"Redmi K20 (Glacier Blue, 128 GB)",4.5,51408,6,128,48.0,20.0,4000,24999
"Redmi 6 (Black, 32 GB)",4.4,560071,3,32,12.0,5.0,3000,8999
"Redmi K20 (Pearl White, 128 GB)",4.5,51408,6,128,48.0,20.0,4000,24999
"Redmi Note 7S (Moonlight White, 64 GB)",4.4,422922,4,64,48.0,13.0,4000,13999
"Redmi 8A Dual (Sky White, 32 GB)",4.2,18404,3,32,13.0,8.0,5000,8999
"Redmi Note 7S (Onyx Black, 32 GB)",4.4,305350,3,32,48.0,13.0,4000,11999
"Redmi K20 (Glacier Blue, 64 GB)",4.5,51408,6,64,48.0,20.0,4000,22999
"Redmi Note 7S (Onyx Black, 32 GB)",4.4,305360,3,32,48.0,13.0,4000,11999
"Redmi 8A Dual (Sky White, 32 GB)",4.2,18404,3,32,13.0,8.0,5000,8999
"Redmi 8A Dual (Midnight Grey, 64 GB)",4.2,18404,3,64,13.0,8.0,5000,9999
"Redmi 6 (Black, 64 GB)",4.4,560071,3,64,12.0,5.0,3000,10499
"Redmi 6 (Rose Gold, 32 GB)",4.4,560071,3,32,12.0,5.0,3000,8999
"Redmi K20 (Glacier Blue, 64 GB)",4.5,51408,6,64,48.0,20.0,4000,22999
"Redmi 6A (Black, 16 GB)",4.3,57356,2,16,13.0,5.0,3000,6500
"Redmi Note 7S (Moonlight White, 64 GB)",4.4,422922,4,64,48.0,13.0,4000,13999
"Xiaomi 11i 5G (Camo Green, 128 GB)",4.2,38416,6,128,108.0,16.0,5160,24999
"Mi A2 (Gold, 64 GB)",4.2,34860,4,64,20.0,20.0,3010,17499
"Redmi Note 5 (Black, 32 GB)",4.4,354850,3,32,12.0,5.0,4000,10999
"Redmi Note 4 (Gold, 64 GB)",4.4,1342530,4,64,13.0,5.0,4100,12749
"Mi Mix 2 (Black, 128 GB)",4.3,6041,6,128,12.0,5.0,3400,37999
"Redmi 8A (Ocean Blue, 32 GB)",4.4,161893,2,32,12.0,8.0,5000,7999
"Mi 11X Pro 5G (Cosmic Black, 128 GB)",3.9,504,8,128,108.0,20.0,4520,28699
"Redmi K20 (Flame Red, 128 GB)",4.5,51408,6,128,48.0,20.0,4000,24999
"Mi 10 (Coral Green, 256 GB)",4.1,337,8,256,108.0,20.0,4780,39990
"Redmi 8A (Midnight Black, 32 GB)",4.4,161893,2,32,12.0,8.0,5000,7999
"Xiaomi 11i 5G (Stealth Black, 128 GB)",4.2,21766,8,128,108.0,16.0,5160,26999
"Xiaomi 11i Hypercharge 5G (Purple Mist, 128 GB)",4.2,12062,6,128,108.0,16.0,4500,23999
"Redmi Note 6 Pro (Blue, 64 GB)",4.5,626254,4,64,12.0,20.0,4000,15999
"Mi A2 (Black, 64 GB)",4.2,34860,4,64,20.0,20.0,3010,17499
"Xiaomi 11Lite NE (Vinyl Black, 128 GB)",4.2,3576,6,128,64.0,20.0,4250,24999
"Redmi Note 5 (Rose Gold, 32 GB)",4.4,354850,3,32,12.0,5.0,4000,10999
"Redmi Note 5 Pro (Gold, 64 GB)",4.5,260015,6,64,12.0,20.0,4000,16999
"Redmi K20 Pro (Glacier Blue, 256 GB)",4.5,15363,8,256,48.0,20.0,4000,31999
"Redmi 6 (Rose Gold, 64 GB)",4.4,560071,3,64,12.0,5.0,3000,10499
"Mi A1 (Black, 64 GB)",4.4,471103,4,64,12.0,5.0,3080,14599
"Mi Max 2 (Black, 64 GB)",4.4,44298,4,64,12.0,5.0,5300,14999
"Redmi Note 5 (Black, 64 GB)",4.4,358472,4,64,12.0,5.0,4000,11999
"Redmi Note 5 (Gold, 64 GB)",4.4,358472,4,64,12.0,5.0,4000,11999
"Redmi Note 5 (Rose Gold, 64 GB)",4.4,358472,4,64,12.0,5.0,4000,11999
"Redmi Y2 (Rose Gold, 64 GB)",4.4,27509,4,64,12.0,16.0,3080,13499
"Mi 4i (Yellow, 16 GB)",4.2,80951,2,16,13.0,5.0,3030,12999
"Redmi Note 7 Pro (MOONLIGHT WHITE, 64 GB)",4.5,320996,6,64,48.0,13.0,4000,12500
"Mi 10i (Atlantic Blue, 64 GB)",4.3,3019,6,64,108.0,16.0,4820,23999
"Redmi 8 (Sapphire Blue, 64 GB)",4.4,945051,4,64,12.0,8.0,5000,10749
"Redmi Note 5 Pro (Rose Gold, 64 GB)",4.5,260015,6,64,12.0,20.0,4000,16999
"Nokia C01 Plus (Grey, 32 GB)",3.8,5118,2,32,5.0,2.0,3000,7999
"Nokia C01 Plus (Blue, 32 GB)",3.8,5118,2,32,5.0,2.0,3000,6299
"Nokia G21 (Nordic Blue, 128 GB)",4.0,868,6,128,50.0,8.0,5050,16999
"Nokia G21 (Dusk, 128 GB)",4.0,868,6,128,50.0,8.0,5050,16999
"Nokia 6.1 Plus (Blue, 64 GB)",4.3,212706,4,64,16.0,16.0,3060,17600
"Nokia C01 Plus (Grey, 16 GB)",3.8,5118,2,16,5.0,2.0,3000,6190
"Nokia 2.4 (Dusk Purple, 64 GB)",4.1,1196,3,64,13.0,5.0,4500,11499
"Nokia 2.4 (Charcoal Grey, 64 GB)",4.1,1196,3,64,13.0,5.0,4500,11499
"Nokia G11 Plus (Blue, 64 GB)",3.7,140,4,64,50.0,8.0,5000,13999
"Nokia G21 (Dusk, 64 GB)",4.1,277,4,64,50.0,8.0,5050,14499
"Nokia C01 Plus (Blue, 16 GB)",3.8,5118,2,16,5.0,2.0,3000,6299
"Nokia C20 Plus Smartphone (Ocean Blue, 32 GB)",3.8,171,3,32,8.0,5.0,4950,9999
"Nokia 2.4 (Fjord Blue, 64 GB)",4.1,1196,3,64,13.0,5.0,4500,11280
"Nokia 5.4 (Polar Night, 64 GB)",3.9,3775,4,64,48.0,16.0,4000,16799
"Nokia 3.4 (Dusk Purple, 64 GB)",4.0,585,4,64,13.0,8.0,4000,13999
"Nokia C 30 (Green, 64 GB)",3.7,228,4,64,13.0,5.0,6000,10799
"Nokia 3.4 (Charcoal GREY, 64 GB)",4.0,585,4,64,13.0,8.0,4000,13999
"Nokia G21 (Nordic Blue, 64 GB)",4.1,277,4,64,50.0,8.0,5050,14499
"Nokia 1 (Dark Blue, 8 GB)",3.9,13820,1,8,5.0,2.0,2150,3939
"Nokia 2.2 (Steel, 16 GB)",4.0,3190,2,16,13.0,5.0,3000,8599
"Nokia G10 (Night | Dark Blue, 64 GB)",4.0,202,4,64,13.0,8.0,5050,11499
"Nokia C21 Plus (Dark Cyan, 64 GB)",3.7,136,4,64,13.0,5.0,5050,10790
"Nokia C21 Plus (Dark Cyan, 32 GB)",3.7,23,3,32,13.0,5.0,5050,10299
"Nokia G10 (Dusk | Purple, 64 GB)",4.0,202,4,64,13.0,8.0,5050,9290
"Nokia G11 Plus (Blue, 64 GB)",3.7,140,4,64,50.0,8.0,5000,13999
"Nokia C 30 (White, 64 GB)",3.7,228,4,64,13.0,5.0,6000,11999
"Nokia G11 Plus (Grey, 64 GB)",3.7,140,4,64,50.0,8.0,5000,13999
"Nokia 3.4 (Fjord BLUE, 64 GB)",4.0,585,4,64,13.0,8.0,4000,13999
"Nokia 5.1 Plus (Black, 32 GB)",4.3,176611,3,32,13.0,8.0,3060,13199
"Nokia C21 Plus (Warm Grey, 64 GB)",3.7,136,4,64,13.0,5.0,5050,12999
"Nokia C21 Plus (Warm Grey, 32 GB)",3.7,23,3,32,13.0,5.0,5050,10299
"Nokia C 30 (Green, 32 GB)",3.9,71,3,32,13.0,5.0,6000,8489
"Nokia 2.2 (Black, 16 GB)",4.0,3190,2,16,13.0,5.0,3000,8599
"MOTOROLA G32 (Mineral Gray, 128 GB)",4.1,18985,8,128,50.0,16.0,5000,11999
"MOTOROLA e32 (Arctic Blue, 64 GB)",3.9,4645,4,64,50.0,8.0,5000,7999
"MOTOROLA e13 (Cosmic Black, 64 GB)",4.0,25325,4,64,13.0,5.0,5000,7499
"MOTOROLA G32 (Satin Silver, 128 GB)",4.1,18985,8,128,50.0,16.0,5000,11999
"MOTOROLA g13 (Matte Charcoal, 128 GB)",3.9,20903,4,128,50.0,8.0,5000,9999
"MOTOROLA G62 5G (Frosted Blue, 128 GB)",4.1,31993,6,128,50.0,16.0,5000,15499
"MOTOROLA g13 (Lavender Blue, 128 GB)",3.9,20903,4,128,50.0,8.0,5000,9999
"MOTOROLA e13 (Aurora Green, 64 GB)",4.0,25325,4,64,13.0,5.0,5000,7499
"MOTOROLA e32 (Eco Black, 64 GB)",3.9,4645,4,64,50.0,8.0,5000,7999
"MOTOROLA e13 (Creamy White, 64 GB)",4.0,25325,4,64,13.0,5.0,5000,7499
"MOTOROLA G62 5G (Midnight Gray, 128 GB)",4.1,31993,6,128,50.0,16.0,5000,15499
"MOTOROLA g73 5G (Midnight Blue, 128 GB)",3.9,12722,8,128,50.0,16.0,5000,16999
"MOTOROLA G62 5G (Midnight Gray, 128 GB)",4.1,14896,8,128,50.0,16.0,5000,16499
"MOTOROLA G62 5G (Frosted Blue, 128 GB)",4.1,14896,8,128,50.0,16.0,5000,16499
"MOTOROLA g73 5G (Lucent White, 128 GB)",3.9,12722,8,128,50.0,16.0,5000,16999
"MOTOROLA Edge 40 (Eclipse Black, 256 GB)",4.3,1421,8,256,50.0,32.0,4400,29999
"MOTOROLA e40 (Carbon Gray, 64 GB)",4.2,82711,4,64,48.0,8.0,5000,8999
"MOTOROLA g82 5G (Meterorite Grey, 128 GB)",4.1,6293,8,128,50.0,16.0,5000,21499
"MOTOROLA g31 (Baby Blue, 128 GB)",4.1,17253,6,128,50.0,13.0,5000,12999
"MOTOROLA g82 5G (White Lily, 128 GB)",4.1,6293,8,128,50.0,16.0,5000,21499
"MOTOROLA e22s (Eco Black, 64 GB)",3.9,275,4,64,16.0,8.0,5000,8315
"MOTOROLA e13 (Cosmic Black, 64 GB)",4.0,3091,2,64,13.0,5.0,5000,6999
"MOTOROLA g72 (Meteorite Grey, 128 GB)",4.1,16478,6,128,108.0,16.0,5000,16999
"MOTOROLA g72 (Polar Blue, 128 GB)",4.1,16478,6,128,108.0,16.0,5000,16999
"MOTOROLA g52 (Metallic White, 128 GB)",4.2,39803,6,128,50.0,16.0,5000,13999
"MOTOROLA g42 (Metallic Rose, 64 GB)",4.2,7176,4,64,50.0,16.0,5000,13999
"MOTOROLA e13 (Aurora Green, 64 GB)",4.0,3091,2,64,13.0,5.0,5000,6999
"MOTOROLA Edge 40 (Lunar Blue, 256 GB)",4.3,1421,8,256,50.0,32.0,4400,29999
"MOTOROLA G32 (Mineral Gray, 64 GB)",4.2,40241,4,64,50.0,16.0,5000,10999
"MOTOROLA g42 (Atlantic Green, 64 GB)",4.2,7176,4,64,50.0,16.0,5000,11299
"MOTOROLA Edge 30 Fusion (Cosmic grey, 128 GB)",4.3,3550,8,128,50.0,32.0,4400,39999
"MOTOROLA e13 (Creamy White, 64 GB)",4.0,3091,2,64,13.0,5.0,5000,6999
"MOTOROLA g13 (Matte Charcoal, 64 GB)",3.9,20903,4,64,50.0,8.0,5000,9499
"MOTOROLA Edge 30 (Meteor Grey, 128 GB)",4.1,6102,8,128,50.0,32.0,4020,25999
"MOTOROLA g42 (Atlantic Green, 64 GB)",4.2,7176,4,64,50.0,16.0,5000,13999
"MOTOROLA Edge 30 (Aurora Green, 128 GB)",4.1,6102,8,128,50.0,32.0,4020,25999
"MOTOROLA Edge 40 (Nebula Green, 256 GB)",4.3,1421,8,256,50.0,32.0,4400,29999
"MOTOROLA Edge 30 Fusion (Solar Gold, 128 GB)",4.3,3550,8,128,50.0,32.0,4400,39999
"MOTOROLA g22 (Cosmic Black, 64 GB)",3.8,33725,4,64,50.0,16.0,5000,10999
"MOTOROLA Edge 30 Ultra (Interstellar Black, 256 GB)",4.2,559,12,256,200.0,60.0,4610,49999
"MOTOROLA G60 (Dynamic Gray, 128 GB)",4.2,136250,6,128,108.0,32.0,6000,14999
"MOTOROLA Edge 30 Ultra (Starlight White, 256 GB)",4.2,559,12,256,200.0,60.0,4610,49999
"MOTOROLA g31 (Meteorite Grey, 64 GB)",4.2,40132,4,64,50.0,13.0,5000,11999
"MOTOROLA G32 (Satin Silver, 64 GB)",4.2,40241,4,64,50.0,16.0,5000,10999
"MOTOROLA e22s (Arctic Blue, 64 GB)",3.9,275,4,64,16.0,8.0,5000,9999
"Moto G71 5G (Arctic Blue, 128 GB)",4.2,23711,6,128,50.0,16.0,5000,17997
"MOTOROLA edge 30 (Meteor Grey, 128 GB)",4.1,11025,6,128,50.0,32.0,4020,24999
"MOTOROLA Edge 30 Ultra (Interstellar Black, 128 GB)",4.3,1379,8,128,200.0,60.0,4610,44999
"MOTOROLA G51 5G (Indigo Blue, 64 GB)",4.1,17931,4,64,50.0,13.0,5000,14999
"MOTOROLA g22 (Iceberg Blue, 64 GB)",3.8,33725,4,64,50.0,16.0,5000,11099
"MOTOROLA g31 (Baby Blue, 64 GB)",4.2,40132,4,64,50.0,13.0,5000,11999
"MOTOROLA Edge 30 Fusion (Viva Magenta, 128 GB)",4.3,3550,8,128,50.0,32.0,4400,39999
"Moto C Plus (Fine Gold, 16 GB)",4.2,365783,2,16,8.0,2.0,4000,6999
"Moto C Plus (Starry Black, 16 GB)",4.2,365783,2,16,8.0,2.0,4000,6999
"MOTOROLA G60 (Moonless, 128 GB)",4.2,136250,6,128,108.0,32.0,6000,15999
"MOTOROLA g22 (Mint Green, 64 GB)",3.8,33725,4,64,50.0,16.0,5000,11099
"MOTOROLA Edge 30 Ultra (Starlight White, 128 GB)",4.3,1379,8,128,200.0,60.0,4610,44999
"MOTOROLA G40 Fusion (Dynamic Gray, 128 GB)",4.2,57540,6,128,64.0,16.0,6000,12999
"MOTOROLA edge 30 (Aurora Green, 128 GB)",4.1,11025,6,128,50.0,32.0,4020,24999
"MOTOROLA G40 Fusion (Frosted Champagne, 128 GB)",4.2,57540,6,128,64.0,16.0,6000,19999
"Moto G8 Plus (Cosmic Blue, 64 GB)",4.3,11315,4,64,48.0,25.0,4000,15999
"MOTOROLA Edge 20 5G (Frosted Onyx, 128 GB)",4.1,9496,8,128,108.0,32.0,4000,34999
"MOTOROLA Edge 30 Pro (Stardust White, 128 GB)",4.0,1986,8,128,50.0,60.0,4800,34999
"MOTOROLA g52 (Charcoal Grey, 64 GB)",4.2,16775,4,64,50.0,16.0,5000,11249
"MOTOROLA g52 (Charcoal Grey, 128 GB)",4.2,39803,6,128,50.0,16.0,5000,13999
"MOTOROLA g82 5G(White Lily, 128 GB)",4.2,8683,6,128,50.0,16.0,5000,19999
"MOTOROLA e40 (Pink Clay, 64 GB)",4.2,82711,4,64,48.0,8.0,5000,8999
"MOTOROLA G51 5G (Bright Silver, 64 GB)",4.1,17931,4,64,50.0,13.0,5000,14999
"MOTOROLA Edge 20 Fusion 5G (Electric Graphite, 128 GB)",4.0,20231,6,128,108.0,32.0,5000,18999
"Moto G71 5G (Neptune Green, 128 GB)",4.2,23711,6,128,50.0,16.0,5000,16999
"Moto C Plus (Pearl White, 16 GB)",4.2,365783,2,16,8.0,2.0,4000,6999
"MOTOROLA E7 Power (Tahiti Blue, 32 GB)",4.1,10429,2,32,13.0,5.0,5000,6999
"MOTOROLA Edge 20 Pro 5G (Midnight Sky, 128 GB)",4.0,4077,8,128,108.0,32.0,4500,29999
"MOTOROLA Edge 20 Fusion 5G (Electric Graphite, 128 GB)",4.1,12081,8,128,108.0,32.0,5000,20999
"MOTOROLA G40 Fusion (Dynamic Gray, 64 GB)",4.2,33301,4,64,64.0,16.0,6000,10999
"MOTOROLA g82 5G (Meterorite Grey, 128 GB)",4.2,8683,6,128,50.0,16.0,5000,19999
"MOTOROLA Edge 20 Fusion 5G (Cyber Teal, 128 GB)",4.1,12081,8,128,108.0,32.0,5000,20999
"MOTOROLA Edge 20 Fusion 5G (Cyber Teal, 128 GB)",4.0,20231,6,128,108.0,32.0,5000,18999
"Moto E6s (Polished Graphite, 64 GB)",4.1,79189,4,64,13.0,8.0,3000,7499
"Moto G 5G (Frosted Silver, 128 GB)",4.2,14883,6,128,48.0,16.0,5000,24999
"MOTOROLA G60 (Frosted Champagne, 128 GB)",4.2,136250,6,128,108.0,32.0,6000,14999
"MOTOROLA G10 Power (Breeze Blue, 64 GB)",4.2,61705,4,64,48.0,8.0,6000,9999
"MOTOROLA G10 Power (Aurora Grey, 64 GB)",4.2,61705,4,64,48.0,8.0,6000,9999
"MOTOROLA e32s (Misty Silver, 64 GB)",3.9,1603,4,64,16.0,8.0,5000,9999
"MOTOROLA g52 (Metallic White, 64 GB)",4.2,16775,4,64,50.0,16.0,5000,11249
"OnePlus Nord (Blue Marble, 256 GB)",0.0,0,12,256,48.0,32.0,4115,26990
"OnePlus Nord (Gray Onyx, 256 GB)",0.0,0,12,256,48.0,32.0,4115,26990
"OnePlus Nord (Blue Marble, 128 GB)",0.0,0,8,128,48.0,32.0,4115,24990
"OnePlus Nord (Gray Onyx, 128 GB)",0.0,0,8,128,48.0,32.0,4115,24990
"OnePlus Nord (Gray Onyx, 64 GB)",0.0,0,6,64,48.0,32.0,4115,22990
"OnePlus 6T (Mirror Black, 128 GB)",4.5,24,6,128,16.0,16.0,3700,20990
"OnePlus 8 (Glacial Green, 128 GB)",4.5,442,8,128,48.0,16.0,4300,34990
"OnePlus 8 (Onyx Black, 128 GB)",4.5,442,8,128,48.0,16.0,4300,34990
"OnePlus 7 Pro (Mirror Grey, 128 GB)",4.5,305,6,128,48.0,16.0,4000,30990
"OnePlus Nord (Blue Marble, 64 GB)",0.0,0,6,64,48.0,32.0,4115,23999
"OnePlus 7 Pro (Nebula Blue, 256 GB)",4.6,103,12,256,48.0,16.0,4000,50330
"OnePlus 6T (Midnight Black, 128 GB)",4.5,125,8,128,16.0,16.0,3700,31998
"OnePlus 7 Pro (Almond, 256 GB)",4.5,1364,8,256,48.0,16.0,4000,44744
"OnePlus 7T (Frosted Silver, 256 GB)",4.6,9598,8,256,48.0,16.0,3800,38500
"OnePlus 7T (Glacier Blue, 256 GB)",4.6,9598,8,256,48.0,16.0,3800,35999
"OnePlus 7T (Glacier Blue, 128 GB)",4.6,9598,8,128,48.0,16.0,3800,32999
"OnePlus 7 Pro (Mirror Grey, 256 GB)",4.5,1364,8,256,48.0,16.0,4000,32990
"OnePlus 7 Pro (Nebula Blue, 256 GB)",4.5,1364,8,256,48.0,16.0,4000,31990
"OnePlus 7T Pro (Haze Blue, 256 GB)",4.5,818,8,256,48.0,16.0,4085,34999
"OnePlus 7T Pro Mclaren Limited Edition (Papaya Orange, 256 GB)",4.4,8,12,256,48.0,8.0,4085,50900
"Huawei Y9 Prime 2019 (Sapphire Blue, 128 GB)",4.3,1127,4,128,16.0,16.0,4000,19990
"Huawei P9 (Mystic Silver, 32 GB)",4.5,829,3,32,12.0,8.0,3000,39999
"Huawei P9 (Prestige Gold, 32 GB)",4.5,829,3,32,12.0,8.0,3000,39999
"Huawei Ascend Y600 (White, 4 GB)",2.6,5,512,4,5.0,0.3,2100,9990
"Huawei P30 Lite (Peacock Blue, 128 GB)",4.6,11,6,128,24.0,32.0,3340,25990
"Nexus 6P Special Edition (Gold, 64 GB)",4.3,1205,3,64,12.3,8.0,3450,42998
"Huawei Ascend G700 (White, 8 GB)",4.4,257,2,8,8.0,1.3,2150,16500
"Huawei Honor 3X (White, 8 GB)",3.9,24,2,8,13.0,5.0,3000,25999
"Nexus 6P (Silver, 64 GB)",4.5,4082,3,64,12.3,8.0,3450,42999
"Nexus 6P (Grey, 32 GB)",4.5,4082,3,32,12.3,8.0,3450,39999
"Huawei AscendG730 (White, 4 GB)",4.2,18,1,4,5.0,0.3,2300,14990
"Huawei Y9 Prime 2019 (Emerald Green, 128 GB)",4.3,1127,4,128,16.0,16.0,4000,19990
"Huawei P9 (Titanium Grey, 32 GB)",4.5,829,3,32,12.0,8.0,3000,39999
"Alcatel U5 HD (Metallic Black, 16 GB)",3.6,1184,2,16,13.0,8.0,2200,6499
"Alcatel Idol 4 (Dark Grey, 16 GB)",3.7,244,3,16,13.0,8.0,2610,16999
"Alcatel U5 HD (Metallic Gold, 16 GB)",3.6,1184,2,16,13.0,8.0,2200,6499
Alcatel OT 5020E (4 GB),4.0,2,512,4,5.0,0.3,1500,7699
"Alcatel 5V (Spectrum Blue, 32 GB)",4.1,297,3,32,16.0,13.0,4000,3799
"Alcatel Idol OT6030a (Slate, 4 GB)",3.9,76,512,4,8.0,2.0,1800,13999
"Alcatel Onetouch Flash 6042D (Gun Grey, 8 GB)",3.7,2929,1,8,13.0,5.0,3200,9999
"Alcatel Onetouch Flash 6042D (Crystal White, 8 GB)",3.7,2929,1,8,13.0,5.0,3200,9999
"Alcatel Scribe (Blue, 4 GB)",0.0,0,512,4,5.0,0.3,2500,12900
"Lenovo A5 (Black, 32 GB)",4.1,9952,3,32,13.0,8.0,4000,7999
"Lenovo K8 Plus (Fine Gold, 32 GB)",4.2,307615,3,32,13.0,8.0,4000,10999
"Lenovo Phab 2 (Champagne Gold, 32 GB)",4.0,42171,3,32,13.0,5.0,4050,10310
"Lenovo Phab 2 (Gunmetal Gray, 32 GB)",4.0,42171,3,32,13.0,5.0,4050,10090
"Lenovo K10 Note (Black, 64 GB)",4.1,11468,4,64,16.0,16.0,4050,16999
"Lenovo VIBE P1m (Black, 16 GB)",4.0,153294,2,16,8.0,5.0,3900,6999
"Lenovo VIBE P1m (White, 16 GB)",4.0,153294,2,16,8.0,5.0,3900,6999
"Lenovo K8 Plus (Fine Gold, 32 GB)",4.1,22593,4,32,13.0,8.0,4000,11999
"Lenovo S930 (Silver, 8 GB)",4.3,104,1,8,8.0,1.6,3000,13604
"Lenovo K8 Plus (Venom Black, 32 GB)",4.1,22593,4,32,13.0,8.0,4000,11999
"Lenovo K9 Note (Gold, 64 GB)",4.1,2005,4,64,16.0,8.0,3760,11999
"Lenovo Vibe K5 Note (Grey, 32 GB)",4.1,129407,3,32,13.0,8.0,3500,10999
"Lenovo Z2 Plus (Black, 32 GB)",3.9,4289,3,32,13.0,8.0,3500,15499
"Lenovo K9 Note (Black, 64 GB)",4.1,2005,4,64,16.0,8.0,3760,11999
"Lenovo Z6 Pro (Black, 128 GB)",3.8,201,8,128,48.0,32.0,4000,39999
"Lenovo K9 (Black, 32 GB)",4.2,17887,3,32,13.0,13.0,3000,9999
"Lenovo Vibe K5 Note (Silver, 32 GB)",4.1,273256,4,32,13.0,8.0,3500,12499
"Lenovo A6 Note (Blue, 32 GB)",4.2,19291,3,32,13.0,5.0,4000,9999
"Lenovo K6 Power (Gold, 32 GB)",4.0,83006,4,32,13.0,8.0,4000,10999
"Lenovo K8 Plus (Venom Black, 32 GB)",4.2,307615,3,32,13.0,8.0,4000,10999
"Lenovo K6 Power (dark gold, 32 GB)",4.1,241475,3,32,13.0,8.0,4000,9999
"Lenovo K6 Power (Silver, 32 GB)",4.1,241475,3,32,13.0,8.0,4000,9999
"Lenovo K6 Power (Grey/Dark Grey, 32 GB)",4.1,241475,3,32,13.0,8.0,4000,9999
"Lenovo A5 (Gold, 16 GB)",4.1,15949,2,16,13.0,8.0,4000,6999
"Infinix SMART 7 (Night Black, 64 GB)",4.3,33752,4,64,13.0,5.0,6000,7499
"Infinix SMART 7 (Emerald Green, 64 GB)",4.3,33752,4,64,13.0,5.0,6000,7499
"Infinix SMART 7 (Azure Blue, 64 GB)",4.3,33752,4,64,13.0,5.0,6000,7499
"Infinix HOT 30i (Glacier Blue, 128 GB)",4.3,22569,8,128,50.0,5.0,5000,9499
"Infinix HOT 30i (Diamond White, 128 GB)",4.3,22569,8,128,50.0,5.0,5000,9499
"Infinix HOT 30i (Glacier Blue, 64 GB)",4.3,5503,4,64,50.0,5.0,5000,8399
"Infinix HOT 30i (Diamond White, 64 GB)",4.3,5503,4,64,50.0,5.0,5000,8399
"Infinix HOT 30i (Mirror Black, 64 GB)",4.3,5503,4,64,50.0,5.0,5000,8399
"Infinix HOT 30i (Mirror Black, 128 GB)",4.3,22569,8,128,50.0,5.0,5000,9499
"Infinix HOT 30i (Marigold, 128 GB)",4.3,22569,8,128,50.0,5.0,5000,9499
"Infinix HOT 30i (Marigold, 64 GB)",4.3,5503,4,64,50.0,5.0,5000,8399
"Infinix Smart 7 HD (Green Apple, 64 GB)",4.4,6252,2,64,8.0,5.0,5000,6199
"Infinix Smart 6 HD (Force Black, 32 GB)",4.3,33810,2,32,8.0,5.0,5000,5999
"Infinix Smart 6 HD (Origin Blue, 32 GB)",4.3,33810,2,32,8.0,5.0,5000,5999
"Infinix Smart 6 HD (Aqua Sky, 32 GB)",4.3,33810,2,32,8.0,5.0,5000,5999
"Infinix Hot 20 5G (Blaster Green, 128 GB)",4.1,5494,6,128,50.0,8.0,5000,13499
"Infinix HOT 20 5G (Space Blue, 64 GB)",4.2,10930,4,64,50.0,8.0,5000,11499
"Infinix HOT 20 5G (Blaster Green, 64 GB)",4.2,10930,4,64,50.0,8.0,5000,11499
"Infinix Hot 20 5G (Space Blue, 128 GB)",4.1,5494,6,128,50.0,8.0,5000,13499
"Infinix Note 12 Pro 5G (Force Black, 128 GB)",4.1,27133,8,128,108.0,16.0,5000,17999
"Infinix Note 12 Pro 5G (Snowfall, 128 GB)",4.1,27133,8,128,108.0,16.0,5000,17999
"Infinix HOT 20 5G (Racing Black, 64 GB)",4.2,10930,4,64,50.0,8.0,5000,11499
"Infinix NOTE 12i (Alpine White, 64 GB)",4.2,5955,4,64,50.0,8.0,5000,10499
"Infinix NOTE 12i (Metaverse Blue, 64 GB)",4.2,5955,4,64,50.0,8.0,5000,10499
"Infinix NOTE 12i (Metaverse Blue, 64 GB)",4.2,5955,4,64,50.0,8.0,5000,10499
"Infinix Hot 20 5G (Racing Black, 128 GB)",4.1,5494,6,128,50.0,8.0,5000,13499
"Infinix Smart 7 HD (Ink Black, 64 GB)",4.4,6252,2,64,8.0,5.0,5000,6199
"Infinix Smart 7 HD (Silk Blue, 64 GB)",4.4,6252,2,64,8.0,5.0,5000,6199
"Infinix Smart 7 HD (Jade White, 64 GB)",4.4,6252,2,64,8.0,5.0,5000,6199
"Infinix HOT 20 Play (Racing Black, 64 GB)",4.4,25096,4,64,13.0,8.0,6000,8499
"Infinix HOT 20 Play (Luna Blue, 64 GB)",4.4,25096,4,64,13.0,8.0,6000,8499
"Infinix HOT 20 Play (Fantasy Purple, 64 GB)",4.4,25096,4,64,13.0,8.0,6000,8499
"Infinix HOT 20 Play (Aurora Green, 64 GB)",4.4,25096,4,64,13.0,8.0,6000,8499
"Infinix Zero 5G 2023 (Submariner Black, 128 GB)",4.1,3299,8,128,50.0,16.0,5000,16599
"Infinix Hot 12 (7 Purple, 64 GB)",4.2,27533,4,64,50.0,8.0,6000,8999
"Infinix Hot 12 (Turquoise Cyan, 64 GB)",4.2,27533,4,64,50.0,8.0,6000,8999
"Infinix Hot 12 (Polar Black, 64 GB)",4.2,27533,4,64,50.0,8.0,6000,8999
"Infinix Hot 12 (Exploratory Blue, 64 GB)",4.2,27533,4,64,50.0,8.0,6000,8999
"Infinix Zero 5G 2023 (Pearly White, 128 GB)",4.1,3299,8,128,50.0,16.0,5000,16599
"Infinix Zero 5G 2023 (Coral Orange, 128 GB)",4.1,3299,8,128,50.0,16.0,5000,16599
"Infinix Note 12 (Force Black, 128 GB)",4.2,13349,6,128,50.0,16.0,5000,12999
"Infinix Note 12 (Force Black, 64 GB)",4.2,27194,4,64,50.0,16.0,5000,10999
"Infinix Zero 20 (Glitter Gold, 128 GB)",4.2,3729,8,128,108.0,60.0,4500,16999
"Infinix Zero 20 (Green Fantasy, 128 GB)",4.2,3729,8,128,108.0,60.0,4500,16999
"Infinix Zero 20 (DEEP GRAY, 128 GB)",4.2,3729,8,128,108.0,60.0,4500,16999
"Infinix Smart 6 (Starry Purple, 64 GB)",4.3,32464,2,64,8.0,5.0,5000,6999
"Infinix Smart 6 (Heart Of Ocean, 64 GB)",4.3,32464,2,64,8.0,5.0,5000,6999
"Infinix Smart 6 (Light Sea Green, 64 GB)",4.3,32464,2,64,8.0,5.0,5000,6999
"Infinix Smart 6 (Light Sea Green, 64 GB)",4.3,32464,2,64,8.0,5.0,5000,6999
"Infinix Note 12 (Jewel Blue, 128 GB)",4.2,13349,6,128,50.0,16.0,5000,12999
"Infinix Zero 5G 2023 TURBO (Submariner Black, 256 GB)",4.0,2084,8,256,50.0,16.0,5000,18599
"Infinix HOT 12 Play (Daylight Green, 64 GB)",4.3,117061,4,64,13.0,8.0,6000,8999
"Infinix Zero 5G 2023 TURBO (Pearly White, 256 GB)",4.0,2084,8,256,50.0,16.0,5000,18599
"Infinix Zero 5G 2023 TURBO (Coral Orange, 256 GB)",4.0,2084,8,256,50.0,16.0,5000,18599
"Infinix Note 12 5G (Snowfall, 64 GB)",4.2,19564,6,64,50.0,16.0,5000,14999
"Infinix Note 12 Pro (Volcanic Grey, 256 GB)",4.2,5685,8,256,108.0,16.0,5000,16999
"Infinix Hot 12 Pro (Halo White, 64 GB)",4.2,11007,6,64,50.0,8.0,5000,9999
"Infinix HOT 12 Play (Racing Black, 64 GB)",4.3,117061,4,64,13.0,8.0,6000,8999
"Infinix Hot 12 Pro (Lightsaber Green, 128 GB)",4.0,5240,8,128,50.0,8.0,5000,12999
"Infinix Hot 12 Pro (Electric Blue, 64 GB)",4.2,11007,6,64,50.0,8.0,5000,9999
"Infinix Hot 12 Pro (Lightsaber Green, 64 GB)",4.2,11007,6,64,50.0,8.0,5000,9999
"Infinix Hot 12 Pro (Racing Black, 64 GB)",4.2,11007,6,64,50.0,8.0,5000,9999
"Infinix Note 12 5G (Force Black, 64 GB)",4.2,19564,6,64,50.0,16.0,5000,14999
"Infinix Note 12 Pro (Tuscany Blue, 256 GB)",4.2,5685,8,256,108.0,16.0,5000,16999
"Infinix Hot 12 Pro (Electric Blue, 128 GB)",4.0,5240,8,128,50.0,8.0,5000,12999
"Infinix Hot 12 Pro (Racing Black, 128 GB)",4.0,5240,8,128,50.0,8.0,5000,12999
"Infinix Note 11s Free Fire Edition (Mithril Grey, 128 GB)",4.3,8157,8,128,50.0,16.0,5000,15999
"Infinix Hot 11 (Emerald Green, 64 GB)",4.3,16419,4,64,13.0,8.0,5200,9999
"Infinix Hot 11 (Silver Wave, 64 GB)",4.3,16419,4,64,13.0,8.0,5200,9999
"Infinix Smart 5A (Quetzal Cyan, 32 GB)",4.3,79849,2,32,8.0,8.0,5000,7199
"Infinix Smart 5A (Midnight Black, 32 GB)",4.3,79849,2,32,8.0,8.0,5000,7199
"Infinix Note 11s Free Fire Edition (Haze Green, 128 GB)",4.3,8157,8,128,50.0,16.0,5000,15999
"Infinix Smart 5A (Ocean Wave, 32 GB)",4.3,79849,2,32,8.0,8.0,5000,7199
"Infinix Hot 11 2022 (Polar Black, 64 GB)",4.2,17968,4,64,13.0,8.0,5000,9999
"Infinix Smart 6 Plus (Tranquil Sea Blue, 64 GB)",4.2,12712,3,64,8.0,5.0,5000,8299
"Infinix Hot 11S (Polar Black, 128 GB)",4.3,50667,4,128,50.0,8.0,5000,11999
"Infinix Hot 11S (Green Wave, 128 GB)",4.3,50667,4,128,50.0,8.0,5000,11999
"Infinix Note 11 (Celestial Snow, 128 GB)",4.2,11290,6,128,50.0,16.0,5000,16999
"Infinix Note 11 (Celestial Snow, 64 GB)",4.3,39201,4,64,50.0,16.0,5000,12499
"Infinix Note 11 (Glacier Green, 64 GB)",4.3,39201,4,64,50.0,16.0,5000,12499
"Infinix Note 11 (Graphite Black, 64 GB)",4.3,39201,4,64,50.0,16.0,5000,12499
"Infinix Note 11 (Glacier Green, 128 GB)",4.2,11290,6,128,50.0,16.0,5000,16999
"Infinix Note 11s (Haze Green, 64 GB)",4.3,12319,6,64,50.0,16.0,5000,13999
"Infinix Hot 11S (Green Wave, 64 GB)",4.3,50667,4,64,50.0,8.0,5000,10999
"Infinix Hot 11 2022 (Sunset Gold, 64 GB)",4.2,17968,4,64,13.0,8.0,5000,9999
"Infinix Hot 11 2022 (Aurora Green, 64 GB)",4.2,17968,4,64,13.0,8.0,5000,9999
"Infinix Hot 11S (Polar Black, 64 GB)",4.3,50667,4,64,50.0,8.0,5000,10999
"Infinix Zero Ultra (Coslight Silver, 256 GB)",4.1,1127,8,256,200.0,32.0,4500,32999
"Infinix Hot 11S (Silver Wave, 128 GB)",4.3,50667,4,128,50.0,8.0,5000,11999
"Infinix Smart HD 2021 (Quartz Green, 32 GB)",4.3,66729,2,32,8.0,5.0,5000,7499
"Infinix Zero 5G (Horizon Blue, 128 GB)",4.2,10773,8,128,48.0,16.0,5000,19999
"Infinix Note 12 TURBO (Jewel Blue, 128 GB)",4.2,8693,8,128,50.0,16.0,5000,13999
"Infinix Note 12 (Jewel Blue, 64 GB)",4.2,27194,4,64,50.0,16.0,5000,10999
"Infinix HOT 12 Play (Champagne Gold, 64 GB)",4.3,117061,4,64,13.0,8.0,6000,8999
"Infinix HOT 12 Play (Horizon Blue, 64 GB)",4.3,117061,4,64,13.0,8.0,6000,8999
"Infinix Smart 5 (Obsidian Black, 32 GB)",4.3,107450,2,32,13.0,8.0,6000,7499
"Infinix Smart 5 (Aegean Blue, 32 GB)",4.3,107450,2,32,13.0,8.0,6000,7499
"Infinix Note 11s Free Fire Edition (Symphony Cyan, 128 GB)",4.3,8157,8,128,50.0,16.0,5000,15999
"Infinix Smart 6 Plus (Miracle Black, 64 GB)",4.2,12712,3,64,8.0,5.0,5000,8299
"Infinix Smart 5 (Obsidian Black, 32 GB)",4.3,107450,2,32,13.0,8.0,6000,7499
"Infinix Smart HD 2021 (Topaz Blue, 32 GB)",4.3,66729,2,32,8.0,5.0,5000,6499
"Infinix Smart 5 (7 Purple, 32 GB)",4.3,107450,2,32,13.0,8.0,6000,7499
"Infinix Smart 6 Plus (Crystal Violet, 64 GB)",4.2,12712,3,64,8.0,5.0,5000,8299
"Infinix Smart HD 2021 (Obsidian Black, 32 GB)",4.3,66729,2,32,8.0,5.0,5000,6499
"Infinix Note 11 (Graphite Black, 128 GB)",4.2,11290,6,128,50.0,16.0,5000,16999
"Infinix Note 11s (Mithril Grey, 64 GB)",4.3,12319,6,64,50.0,16.0,5000,13999
"Infinix Hot 11S (7 Purple, 64 GB)",4.3,50667,4,64,50.0,8.0,5000,10999
"Infinix Hot 11S (Silver Wave, 64 GB)",4.3,50667,4,64,50.0,8.0,5000,10999
"Infinix Hot 11S (7 Purple, 128 GB)",4.3,50667,4,128,50.0,8.0,5000,11999
"Infinix Note 12 TURBO (Force Black, 128 GB)",4.2,8704,8,128,50.0,16.0,5000,13999
"Infinix Hot 12 Pro (Halo White, 128 GB)",4.0,5240,8,128,50.0,8.0,5000,12999
"Infinix Note 11s (Symphony Cyan, 64 GB)",4.3,12319,6,64,50.0,16.0,5000,13999
"Infinix Note 12 TURBO (Snowfall, 128 GB)",4.2,8704,8,128,50.0,16.0,5000,13999
"Infinix Smart 4 (Violet, 32 GB)",4.4,32752,2,32,13.0,8.0,6000,8999
"Infinix Smart 4 (Ocean Wave, 32 GB)",4.4,32752,2,32,13.0,8.0,6000,8999
"Infinix Note 7 (Forest Green, 64 GB)",4.3,25582,4,64,48.0,16.0,5000,14999
"Infinix Note 7 (Bolivia Blue, 64 GB)",4.3,25582,4,64,48.0,16.0,5000,14999
"Infinix Note 7 (Aether Black, 64 GB)",4.3,25582,4,64,48.0,16.0,5000,14999
"Infinix Zero 8i (Silver Diamond, 128 GB)",4.2,7117,8,128,48.0,16.0,4500,18999
"Infinix S5 (Quetzal Cyan, 64 GB)",4.3,15701,4,64,16.0,32.0,4000,10999
